,Agent_Home_Class_Name,Agent_Home_Class_Name_unrelated_hit,Agent_Home_Class_Name_unrelated_no_hit,Name,Name_unrelated_hit,Name_unrelated_no_hit,Agent_ID,Agent_ID_unrelated_hit,Agent_ID_unrelated_no_hit,Agent_Number_of_Patents_in_Class,Agent_Number_of_Patents_in_Class_unrelated_hit,Agent_Number_of_Patents_in_Class_unrelated_no_hit,Citations,Citations_unrelated_hit,Citations_unrelated_no_hit,Agent_Home_Class_IPC4,Agent_Home_Class_IPC4_unrelated_hit,Agent_Home_Class_IPC4_unrelated_no_hit,Relatedness,Relatedness_unrelated_hit,Relatedness_unrelated_no_hit,Patent_Count_Outcome_Ratio,Patent_Count_Outcome_Ratio_unrelated_hit,Patent_Count_Outcome_Ratio_unrelated_no_hit,Citations_Outcome_Ratio,Citations_Outcome_Ratio_unrelated_hit,Citations_Outcome_Ratio_unrelated_no_hit
127641,Medical Preparations,Enzyme Compounds,Analyzing Materials,KEITH MICHAEL DEVRIES,JOSEPH BERTINO,CHARLES R JOHNSON,490718.0,548637.0,416627.0,11.0,2.0,0.0,0.0,55.0,0.0,A61K,C12N,G01N,0.95652174949646,0.260869562625885,0.1304347813129425,5.584988962472407,1.0154525386313467,0.0,0.0,14.07920792079208,0.0
127642,Medical Preparations,Enzyme Compounds,Electrolytic Processes,KEITH MICHAEL DEVRIES,JOSEPH BERTINO,DIETER HAERMELING,490718.0,548637.0,490596.0,11.0,2.0,0.0,0.0,55.0,0.0,A61K,C12N,C25B,0.95652174949646,0.260869562625885,0.3913043439388275,5.584988962472407,1.0154525386313467,0.0,0.0,14.07920792079208,0.0
127643,Medical Preparations,Enzyme Compounds,Electrography,KEITH MICHAEL DEVRIES,JOSEPH BERTINO,KATSUNORI OBA,490718.0,548637.0,493912.0,11.0,2.0,0.0,0.0,55.0,0.0,A61K,C12N,G03G,0.95652174949646,0.260869562625885,0.260869562625885,5.584988962472407,1.0154525386313467,0.0,0.0,14.07920792079208,0.0
127644,Medical Preparations,Enzyme Compounds,Electrography,KEITH MICHAEL DEVRIES,JOSEPH BERTINO,SHINICHI OKADA,490718.0,548637.0,493913.0,11.0,2.0,0.0,0.0,55.0,0.0,A61K,C12N,G03G,0.95652174949646,0.260869562625885,0.260869562625885,5.584988962472407,1.0154525386313467,0.0,0.0,14.07920792079208,0.0
127645,Medical Preparations,Enzyme Compounds,Analyzing Materials,KEITH MICHAEL DEVRIES,JOSEPH BERTINO,ZIJIAN ZENG,490718.0,548637.0,506013.0,11.0,2.0,0.0,0.0,55.0,0.0,A61K,C12N,G01N,0.95652174949646,0.260869562625885,0.1304347813129425,5.584988962472407,1.0154525386313467,0.0,0.0,14.07920792079208,0.0
127646,Medical Preparations,Enzyme Compounds,Analyzing Materials,KEITH MICHAEL DEVRIES,JOSEPH BERTINO,DAVID SHARPE,490718.0,548637.0,541160.0,11.0,2.0,0.0,0.0,55.0,4.0,A61K,C12N,G01N,0.95652174949646,0.260869562625885,0.1304347813129425,5.584988962472407,1.0154525386313467,0.0,0.0,14.07920792079208,1.023942394239424
127647,Medical Preparations,Enzyme Compounds,Analyzing Materials,KEITH MICHAEL DEVRIES,JOSEPH BERTINO,MARK ALAN MORTELLARO,490718.0,548637.0,542392.0,11.0,2.0,0.0,0.0,55.0,1.0,A61K,C12N,G01N,0.95652174949646,0.260869562625885,0.1304347813129425,5.584988962472407,1.0154525386313467,0.0,0.0,14.07920792079208,0.255985598559856
127648,Medical Preparations,Enzyme Compounds,Detergents,KEITH MICHAEL DEVRIES,JOSEPH BERTINO,GREGOR SCHURMANN,490718.0,548637.0,542964.0,11.0,2.0,0.0,0.0,55.0,1.0,A61K,C12N,C11D,0.95652174949646,0.260869562625885,0.3478260934352875,5.584988962472407,1.0154525386313467,0.0,0.0,14.07920792079208,0.255985598559856
127649,Medical Preparations,Enzyme Compounds,Analyzing Materials,KEITH MICHAEL DEVRIES,JOSEPH BERTINO,KIANOUSH MOTESHAREI,490718.0,548637.0,556973.0,11.0,2.0,0.0,0.0,55.0,0.0,A61K,C12N,G01N,0.95652174949646,0.260869562625885,0.1304347813129425,5.584988962472407,1.0154525386313467,0.0,0.0,14.07920792079208,0.0
127650,Medical Preparations,Enzyme Compounds,Measuring Enzymes,KEITH MICHAEL DEVRIES,JOSEPH BERTINO,NAM WON HUH,490718.0,548637.0,575939.0,11.0,2.0,0.0,0.0,55.0,3.0,A61K,C12N,C12Q,0.95652174949646,0.260869562625885,0.47826087474823,5.584988962472407,1.0154525386313467,0.0,0.0,14.07920792079208,0.767956795679568
127901,Medical Preparations,Enzyme Compounds,Analyzing Materials,WENDY LEA CORBETT,JOSEPH BERTINO,CHARLES R JOHNSON,534121.0,548637.0,416627.0,14.0,2.0,0.0,0.0,55.0,0.0,A61K,C12N,G01N,0.95652174949646,0.260869562625885,0.1304347813129425,7.108167770419426,1.0154525386313467,0.0,0.0,14.07920792079208,0.0
127902,Medical Preparations,Enzyme Compounds,Electrolytic Processes,WENDY LEA CORBETT,JOSEPH BERTINO,DIETER HAERMELING,534121.0,548637.0,490596.0,14.0,2.0,0.0,0.0,55.0,0.0,A61K,C12N,C25B,0.95652174949646,0.260869562625885,0.3913043439388275,7.108167770419426,1.0154525386313467,0.0,0.0,14.07920792079208,0.0
127903,Medical Preparations,Enzyme Compounds,Electrography,WENDY LEA CORBETT,JOSEPH BERTINO,KATSUNORI OBA,534121.0,548637.0,493912.0,14.0,2.0,0.0,0.0,55.0,0.0,A61K,C12N,G03G,0.95652174949646,0.260869562625885,0.260869562625885,7.108167770419426,1.0154525386313467,0.0,0.0,14.07920792079208,0.0
127904,Medical Preparations,Enzyme Compounds,Electrography,WENDY LEA CORBETT,JOSEPH BERTINO,SHINICHI OKADA,534121.0,548637.0,493913.0,14.0,2.0,0.0,0.0,55.0,0.0,A61K,C12N,G03G,0.95652174949646,0.260869562625885,0.260869562625885,7.108167770419426,1.0154525386313467,0.0,0.0,14.07920792079208,0.0
127905,Medical Preparations,Enzyme Compounds,Analyzing Materials,WENDY LEA CORBETT,JOSEPH BERTINO,ZIJIAN ZENG,534121.0,548637.0,506013.0,14.0,2.0,0.0,0.0,55.0,0.0,A61K,C12N,G01N,0.95652174949646,0.260869562625885,0.1304347813129425,7.108167770419426,1.0154525386313467,0.0,0.0,14.07920792079208,0.0
127906,Medical Preparations,Enzyme Compounds,Analyzing Materials,WENDY LEA CORBETT,JOSEPH BERTINO,DAVID SHARPE,534121.0,548637.0,541160.0,14.0,2.0,0.0,0.0,55.0,4.0,A61K,C12N,G01N,0.95652174949646,0.260869562625885,0.1304347813129425,7.108167770419426,1.0154525386313467,0.0,0.0,14.07920792079208,1.023942394239424
127907,Medical Preparations,Enzyme Compounds,Analyzing Materials,WENDY LEA CORBETT,JOSEPH BERTINO,MARK ALAN MORTELLARO,534121.0,548637.0,542392.0,14.0,2.0,0.0,0.0,55.0,1.0,A61K,C12N,G01N,0.95652174949646,0.260869562625885,0.1304347813129425,7.108167770419426,1.0154525386313467,0.0,0.0,14.07920792079208,0.255985598559856
127908,Medical Preparations,Enzyme Compounds,Detergents,WENDY LEA CORBETT,JOSEPH BERTINO,GREGOR SCHURMANN,534121.0,548637.0,542964.0,14.0,2.0,0.0,0.0,55.0,1.0,A61K,C12N,C11D,0.95652174949646,0.260869562625885,0.3478260934352875,7.108167770419426,1.0154525386313467,0.0,0.0,14.07920792079208,0.255985598559856
127909,Medical Preparations,Enzyme Compounds,Analyzing Materials,WENDY LEA CORBETT,JOSEPH BERTINO,KIANOUSH MOTESHAREI,534121.0,548637.0,556973.0,14.0,2.0,0.0,0.0,55.0,0.0,A61K,C12N,G01N,0.95652174949646,0.260869562625885,0.1304347813129425,7.108167770419426,1.0154525386313467,0.0,0.0,14.07920792079208,0.0
127910,Medical Preparations,Enzyme Compounds,Measuring Enzymes,WENDY LEA CORBETT,JOSEPH BERTINO,NAM WON HUH,534121.0,548637.0,575939.0,14.0,2.0,0.0,0.0,55.0,3.0,A61K,C12N,C12Q,0.95652174949646,0.260869562625885,0.47826087474823,7.108167770419426,1.0154525386313467,0.0,0.0,14.07920792079208,0.767956795679568
127914,Carbocyclic Compounds,Enzyme Compounds,Analyzing Materials,YU HUA JI,JOSEPH BERTINO,CHARLES R JOHNSON,536092.0,548637.0,416627.0,25.0,2.0,0.0,5.0,55.0,0.0,C07C,C12N,G01N,1.0,0.260869562625885,0.1304347813129425,12.693156732891833,1.0154525386313467,0.0,1.27992799279928,14.07920792079208,0.0
127915,Carbocyclic Compounds,Enzyme Compounds,Electrolytic Processes,YU HUA JI,JOSEPH BERTINO,DIETER HAERMELING,536092.0,548637.0,490596.0,25.0,2.0,0.0,5.0,55.0,0.0,C07C,C12N,C25B,1.0,0.260869562625885,0.3913043439388275,12.693156732891833,1.0154525386313467,0.0,1.27992799279928,14.07920792079208,0.0
127916,Carbocyclic Compounds,Enzyme Compounds,Electrography,YU HUA JI,JOSEPH BERTINO,KATSUNORI OBA,536092.0,548637.0,493912.0,25.0,2.0,0.0,5.0,55.0,0.0,C07C,C12N,G03G,1.0,0.260869562625885,0.260869562625885,12.693156732891833,1.0154525386313467,0.0,1.27992799279928,14.07920792079208,0.0
127917,Carbocyclic Compounds,Enzyme Compounds,Electrography,YU HUA JI,JOSEPH BERTINO,SHINICHI OKADA,536092.0,548637.0,493913.0,25.0,2.0,0.0,5.0,55.0,0.0,C07C,C12N,G03G,1.0,0.260869562625885,0.260869562625885,12.693156732891833,1.0154525386313467,0.0,1.27992799279928,14.07920792079208,0.0
127918,Carbocyclic Compounds,Enzyme Compounds,Analyzing Materials,YU HUA JI,JOSEPH BERTINO,ZIJIAN ZENG,536092.0,548637.0,506013.0,25.0,2.0,0.0,5.0,55.0,0.0,C07C,C12N,G01N,1.0,0.260869562625885,0.1304347813129425,12.693156732891833,1.0154525386313467,0.0,1.27992799279928,14.07920792079208,0.0
127919,Carbocyclic Compounds,Enzyme Compounds,Analyzing Materials,YU HUA JI,JOSEPH BERTINO,DAVID SHARPE,536092.0,548637.0,541160.0,25.0,2.0,0.0,5.0,55.0,4.0,C07C,C12N,G01N,1.0,0.260869562625885,0.1304347813129425,12.693156732891833,1.0154525386313467,0.0,1.27992799279928,14.07920792079208,1.023942394239424
127920,Carbocyclic Compounds,Enzyme Compounds,Analyzing Materials,YU HUA JI,JOSEPH BERTINO,MARK ALAN MORTELLARO,536092.0,548637.0,542392.0,25.0,2.0,0.0,5.0,55.0,1.0,C07C,C12N,G01N,1.0,0.260869562625885,0.1304347813129425,12.693156732891833,1.0154525386313467,0.0,1.27992799279928,14.07920792079208,0.255985598559856
127921,Carbocyclic Compounds,Enzyme Compounds,Detergents,YU HUA JI,JOSEPH BERTINO,GREGOR SCHURMANN,536092.0,548637.0,542964.0,25.0,2.0,0.0,5.0,55.0,1.0,C07C,C12N,C11D,1.0,0.260869562625885,0.3478260934352875,12.693156732891833,1.0154525386313467,0.0,1.27992799279928,14.07920792079208,0.255985598559856
127922,Carbocyclic Compounds,Enzyme Compounds,Analyzing Materials,YU HUA JI,JOSEPH BERTINO,KIANOUSH MOTESHAREI,536092.0,548637.0,556973.0,25.0,2.0,0.0,5.0,55.0,0.0,C07C,C12N,G01N,1.0,0.260869562625885,0.1304347813129425,12.693156732891833,1.0154525386313467,0.0,1.27992799279928,14.07920792079208,0.0
127923,Carbocyclic Compounds,Enzyme Compounds,Measuring Enzymes,YU HUA JI,JOSEPH BERTINO,NAM WON HUH,536092.0,548637.0,575939.0,25.0,2.0,0.0,5.0,55.0,3.0,C07C,C12N,C12Q,1.0,0.260869562625885,0.47826087474823,12.693156732891833,1.0154525386313467,0.0,1.27992799279928,14.07920792079208,0.767956795679568
128070,Medical Preparations,Enzyme Compounds,Analyzing Materials,DEAN A WACKER,JOSEPH BERTINO,CHARLES R JOHNSON,572743.0,548637.0,416627.0,12.0,2.0,0.0,7.0,55.0,0.0,A61K,C12N,G01N,0.95652174949646,0.260869562625885,0.1304347813129425,6.0927152317880795,1.0154525386313467,0.0,1.791899189918992,14.07920792079208,0.0
128071,Medical Preparations,Enzyme Compounds,Electrolytic Processes,DEAN A WACKER,JOSEPH BERTINO,DIETER HAERMELING,572743.0,548637.0,490596.0,12.0,2.0,0.0,7.0,55.0,0.0,A61K,C12N,C25B,0.95652174949646,0.260869562625885,0.3913043439388275,6.0927152317880795,1.0154525386313467,0.0,1.791899189918992,14.07920792079208,0.0
128072,Medical Preparations,Enzyme Compounds,Electrography,DEAN A WACKER,JOSEPH BERTINO,KATSUNORI OBA,572743.0,548637.0,493912.0,12.0,2.0,0.0,7.0,55.0,0.0,A61K,C12N,G03G,0.95652174949646,0.260869562625885,0.260869562625885,6.0927152317880795,1.0154525386313467,0.0,1.791899189918992,14.07920792079208,0.0
128073,Medical Preparations,Enzyme Compounds,Electrography,DEAN A WACKER,JOSEPH BERTINO,SHINICHI OKADA,572743.0,548637.0,493913.0,12.0,2.0,0.0,7.0,55.0,0.0,A61K,C12N,G03G,0.95652174949646,0.260869562625885,0.260869562625885,6.0927152317880795,1.0154525386313467,0.0,1.791899189918992,14.07920792079208,0.0
128074,Medical Preparations,Enzyme Compounds,Analyzing Materials,DEAN A WACKER,JOSEPH BERTINO,ZIJIAN ZENG,572743.0,548637.0,506013.0,12.0,2.0,0.0,7.0,55.0,0.0,A61K,C12N,G01N,0.95652174949646,0.260869562625885,0.1304347813129425,6.0927152317880795,1.0154525386313467,0.0,1.791899189918992,14.07920792079208,0.0
128075,Medical Preparations,Enzyme Compounds,Analyzing Materials,DEAN A WACKER,JOSEPH BERTINO,DAVID SHARPE,572743.0,548637.0,541160.0,12.0,2.0,0.0,7.0,55.0,4.0,A61K,C12N,G01N,0.95652174949646,0.260869562625885,0.1304347813129425,6.0927152317880795,1.0154525386313467,0.0,1.791899189918992,14.07920792079208,1.023942394239424
128076,Medical Preparations,Enzyme Compounds,Analyzing Materials,DEAN A WACKER,JOSEPH BERTINO,MARK ALAN MORTELLARO,572743.0,548637.0,542392.0,12.0,2.0,0.0,7.0,55.0,1.0,A61K,C12N,G01N,0.95652174949646,0.260869562625885,0.1304347813129425,6.0927152317880795,1.0154525386313467,0.0,1.791899189918992,14.07920792079208,0.255985598559856
128077,Medical Preparations,Enzyme Compounds,Detergents,DEAN A WACKER,JOSEPH BERTINO,GREGOR SCHURMANN,572743.0,548637.0,542964.0,12.0,2.0,0.0,7.0,55.0,1.0,A61K,C12N,C11D,0.95652174949646,0.260869562625885,0.3478260934352875,6.0927152317880795,1.0154525386313467,0.0,1.791899189918992,14.07920792079208,0.255985598559856
128078,Medical Preparations,Enzyme Compounds,Analyzing Materials,DEAN A WACKER,JOSEPH BERTINO,KIANOUSH MOTESHAREI,572743.0,548637.0,556973.0,12.0,2.0,0.0,7.0,55.0,0.0,A61K,C12N,G01N,0.95652174949646,0.260869562625885,0.1304347813129425,6.0927152317880795,1.0154525386313467,0.0,1.791899189918992,14.07920792079208,0.0
128079,Medical Preparations,Enzyme Compounds,Measuring Enzymes,DEAN A WACKER,JOSEPH BERTINO,NAM WON HUH,572743.0,548637.0,575939.0,12.0,2.0,0.0,7.0,55.0,3.0,A61K,C12N,C12Q,0.95652174949646,0.260869562625885,0.47826087474823,6.0927152317880795,1.0154525386313467,0.0,1.791899189918992,14.07920792079208,0.767956795679568
128148,Inorganic Compounds,Enzyme Compounds,Analyzing Materials,MERVIN G WOOD,JOSEPH BERTINO,CHARLES R JOHNSON,584145.0,548637.0,416627.0,17.0,2.0,0.0,3.0,55.0,0.0,C08K,C12N,G01N,0.95652174949646,0.260869562625885,0.1304347813129425,8.631346578366447,1.0154525386313467,0.0,0.767956795679568,14.07920792079208,0.0
128149,Inorganic Compounds,Enzyme Compounds,Electrolytic Processes,MERVIN G WOOD,JOSEPH BERTINO,DIETER HAERMELING,584145.0,548637.0,490596.0,17.0,2.0,0.0,3.0,55.0,0.0,C08K,C12N,C25B,0.95652174949646,0.260869562625885,0.3913043439388275,8.631346578366447,1.0154525386313467,0.0,0.767956795679568,14.07920792079208,0.0
128150,Inorganic Compounds,Enzyme Compounds,Electrography,MERVIN G WOOD,JOSEPH BERTINO,KATSUNORI OBA,584145.0,548637.0,493912.0,17.0,2.0,0.0,3.0,55.0,0.0,C08K,C12N,G03G,0.95652174949646,0.260869562625885,0.260869562625885,8.631346578366447,1.0154525386313467,0.0,0.767956795679568,14.07920792079208,0.0
128151,Inorganic Compounds,Enzyme Compounds,Electrography,MERVIN G WOOD,JOSEPH BERTINO,SHINICHI OKADA,584145.0,548637.0,493913.0,17.0,2.0,0.0,3.0,55.0,0.0,C08K,C12N,G03G,0.95652174949646,0.260869562625885,0.260869562625885,8.631346578366447,1.0154525386313467,0.0,0.767956795679568,14.07920792079208,0.0
128152,Inorganic Compounds,Enzyme Compounds,Analyzing Materials,MERVIN G WOOD,JOSEPH BERTINO,ZIJIAN ZENG,584145.0,548637.0,506013.0,17.0,2.0,0.0,3.0,55.0,0.0,C08K,C12N,G01N,0.95652174949646,0.260869562625885,0.1304347813129425,8.631346578366447,1.0154525386313467,0.0,0.767956795679568,14.07920792079208,0.0
128153,Inorganic Compounds,Enzyme Compounds,Analyzing Materials,MERVIN G WOOD,JOSEPH BERTINO,DAVID SHARPE,584145.0,548637.0,541160.0,17.0,2.0,0.0,3.0,55.0,4.0,C08K,C12N,G01N,0.95652174949646,0.260869562625885,0.1304347813129425,8.631346578366447,1.0154525386313467,0.0,0.767956795679568,14.07920792079208,1.023942394239424
128154,Inorganic Compounds,Enzyme Compounds,Analyzing Materials,MERVIN G WOOD,JOSEPH BERTINO,MARK ALAN MORTELLARO,584145.0,548637.0,542392.0,17.0,2.0,0.0,3.0,55.0,1.0,C08K,C12N,G01N,0.95652174949646,0.260869562625885,0.1304347813129425,8.631346578366447,1.0154525386313467,0.0,0.767956795679568,14.07920792079208,0.255985598559856
128155,Inorganic Compounds,Enzyme Compounds,Detergents,MERVIN G WOOD,JOSEPH BERTINO,GREGOR SCHURMANN,584145.0,548637.0,542964.0,17.0,2.0,0.0,3.0,55.0,1.0,C08K,C12N,C11D,0.95652174949646,0.260869562625885,0.3478260934352875,8.631346578366447,1.0154525386313467,0.0,0.767956795679568,14.07920792079208,0.255985598559856
128156,Inorganic Compounds,Enzyme Compounds,Analyzing Materials,MERVIN G WOOD,JOSEPH BERTINO,KIANOUSH MOTESHAREI,584145.0,548637.0,556973.0,17.0,2.0,0.0,3.0,55.0,0.0,C08K,C12N,G01N,0.95652174949646,0.260869562625885,0.1304347813129425,8.631346578366447,1.0154525386313467,0.0,0.767956795679568,14.07920792079208,0.0
128157,Inorganic Compounds,Enzyme Compounds,Measuring Enzymes,MERVIN G WOOD,JOSEPH BERTINO,NAM WON HUH,584145.0,548637.0,575939.0,17.0,2.0,0.0,3.0,55.0,3.0,C08K,C12N,C12Q,0.95652174949646,0.260869562625885,0.47826087474823,8.631346578366447,1.0154525386313467,0.0,0.767956795679568,14.07920792079208,0.767956795679568
128187,Medical Preparations,Enzyme Compounds,Analyzing Materials,THEORORUS HENDRICUS ANTON PETERS,JOSEPH BERTINO,CHARLES R JOHNSON,630092.0,548637.0,416627.0,13.0,2.0,0.0,4.0,55.0,0.0,A61K,C12N,G01N,0.95652174949646,0.260869562625885,0.1304347813129425,6.600441501103753,1.0154525386313467,0.0,1.023942394239424,14.07920792079208,0.0
128188,Medical Preparations,Enzyme Compounds,Electrolytic Processes,THEORORUS HENDRICUS ANTON PETERS,JOSEPH BERTINO,DIETER HAERMELING,630092.0,548637.0,490596.0,13.0,2.0,0.0,4.0,55.0,0.0,A61K,C12N,C25B,0.95652174949646,0.260869562625885,0.3913043439388275,6.600441501103753,1.0154525386313467,0.0,1.023942394239424,14.07920792079208,0.0
128189,Medical Preparations,Enzyme Compounds,Electrography,THEORORUS HENDRICUS ANTON PETERS,JOSEPH BERTINO,KATSUNORI OBA,630092.0,548637.0,493912.0,13.0,2.0,0.0,4.0,55.0,0.0,A61K,C12N,G03G,0.95652174949646,0.260869562625885,0.260869562625885,6.600441501103753,1.0154525386313467,0.0,1.023942394239424,14.07920792079208,0.0
128190,Medical Preparations,Enzyme Compounds,Electrography,THEORORUS HENDRICUS ANTON PETERS,JOSEPH BERTINO,SHINICHI OKADA,630092.0,548637.0,493913.0,13.0,2.0,0.0,4.0,55.0,0.0,A61K,C12N,G03G,0.95652174949646,0.260869562625885,0.260869562625885,6.600441501103753,1.0154525386313467,0.0,1.023942394239424,14.07920792079208,0.0
128191,Medical Preparations,Enzyme Compounds,Analyzing Materials,THEORORUS HENDRICUS ANTON PETERS,JOSEPH BERTINO,ZIJIAN ZENG,630092.0,548637.0,506013.0,13.0,2.0,0.0,4.0,55.0,0.0,A61K,C12N,G01N,0.95652174949646,0.260869562625885,0.1304347813129425,6.600441501103753,1.0154525386313467,0.0,1.023942394239424,14.07920792079208,0.0
128192,Medical Preparations,Enzyme Compounds,Analyzing Materials,THEORORUS HENDRICUS ANTON PETERS,JOSEPH BERTINO,DAVID SHARPE,630092.0,548637.0,541160.0,13.0,2.0,0.0,4.0,55.0,4.0,A61K,C12N,G01N,0.95652174949646,0.260869562625885,0.1304347813129425,6.600441501103753,1.0154525386313467,0.0,1.023942394239424,14.07920792079208,1.023942394239424
128193,Medical Preparations,Enzyme Compounds,Analyzing Materials,THEORORUS HENDRICUS ANTON PETERS,JOSEPH BERTINO,MARK ALAN MORTELLARO,630092.0,548637.0,542392.0,13.0,2.0,0.0,4.0,55.0,1.0,A61K,C12N,G01N,0.95652174949646,0.260869562625885,0.1304347813129425,6.600441501103753,1.0154525386313467,0.0,1.023942394239424,14.07920792079208,0.255985598559856
128194,Medical Preparations,Enzyme Compounds,Detergents,THEORORUS HENDRICUS ANTON PETERS,JOSEPH BERTINO,GREGOR SCHURMANN,630092.0,548637.0,542964.0,13.0,2.0,0.0,4.0,55.0,1.0,A61K,C12N,C11D,0.95652174949646,0.260869562625885,0.3478260934352875,6.600441501103753,1.0154525386313467,0.0,1.023942394239424,14.07920792079208,0.255985598559856
128195,Medical Preparations,Enzyme Compounds,Analyzing Materials,THEORORUS HENDRICUS ANTON PETERS,JOSEPH BERTINO,KIANOUSH MOTESHAREI,630092.0,548637.0,556973.0,13.0,2.0,0.0,4.0,55.0,0.0,A61K,C12N,G01N,0.95652174949646,0.260869562625885,0.1304347813129425,6.600441501103753,1.0154525386313467,0.0,1.023942394239424,14.07920792079208,0.0
128196,Medical Preparations,Enzyme Compounds,Measuring Enzymes,THEORORUS HENDRICUS ANTON PETERS,JOSEPH BERTINO,NAM WON HUH,630092.0,548637.0,575939.0,13.0,2.0,0.0,4.0,55.0,3.0,A61K,C12N,C12Q,0.95652174949646,0.260869562625885,0.47826087474823,6.600441501103753,1.0154525386313467,0.0,1.023942394239424,14.07920792079208,0.767956795679568
128226,Medical Preparations,Enzyme Compounds,Analyzing Materials,PAIGE E MAHANEY,JOSEPH BERTINO,CHARLES R JOHNSON,705253.0,548637.0,416627.0,13.0,2.0,0.0,0.0,55.0,0.0,A61K,C12N,G01N,0.95652174949646,0.260869562625885,0.1304347813129425,6.600441501103753,1.0154525386313467,0.0,0.0,14.07920792079208,0.0
128227,Medical Preparations,Enzyme Compounds,Electrolytic Processes,PAIGE E MAHANEY,JOSEPH BERTINO,DIETER HAERMELING,705253.0,548637.0,490596.0,13.0,2.0,0.0,0.0,55.0,0.0,A61K,C12N,C25B,0.95652174949646,0.260869562625885,0.3913043439388275,6.600441501103753,1.0154525386313467,0.0,0.0,14.07920792079208,0.0
128228,Medical Preparations,Enzyme Compounds,Electrography,PAIGE E MAHANEY,JOSEPH BERTINO,KATSUNORI OBA,705253.0,548637.0,493912.0,13.0,2.0,0.0,0.0,55.0,0.0,A61K,C12N,G03G,0.95652174949646,0.260869562625885,0.260869562625885,6.600441501103753,1.0154525386313467,0.0,0.0,14.07920792079208,0.0
128229,Medical Preparations,Enzyme Compounds,Electrography,PAIGE E MAHANEY,JOSEPH BERTINO,SHINICHI OKADA,705253.0,548637.0,493913.0,13.0,2.0,0.0,0.0,55.0,0.0,A61K,C12N,G03G,0.95652174949646,0.260869562625885,0.260869562625885,6.600441501103753,1.0154525386313467,0.0,0.0,14.07920792079208,0.0
128230,Medical Preparations,Enzyme Compounds,Analyzing Materials,PAIGE E MAHANEY,JOSEPH BERTINO,ZIJIAN ZENG,705253.0,548637.0,506013.0,13.0,2.0,0.0,0.0,55.0,0.0,A61K,C12N,G01N,0.95652174949646,0.260869562625885,0.1304347813129425,6.600441501103753,1.0154525386313467,0.0,0.0,14.07920792079208,0.0
128231,Medical Preparations,Enzyme Compounds,Analyzing Materials,PAIGE E MAHANEY,JOSEPH BERTINO,DAVID SHARPE,705253.0,548637.0,541160.0,13.0,2.0,0.0,0.0,55.0,4.0,A61K,C12N,G01N,0.95652174949646,0.260869562625885,0.1304347813129425,6.600441501103753,1.0154525386313467,0.0,0.0,14.07920792079208,1.023942394239424
128232,Medical Preparations,Enzyme Compounds,Analyzing Materials,PAIGE E MAHANEY,JOSEPH BERTINO,MARK ALAN MORTELLARO,705253.0,548637.0,542392.0,13.0,2.0,0.0,0.0,55.0,1.0,A61K,C12N,G01N,0.95652174949646,0.260869562625885,0.1304347813129425,6.600441501103753,1.0154525386313467,0.0,0.0,14.07920792079208,0.255985598559856
128233,Medical Preparations,Enzyme Compounds,Detergents,PAIGE E MAHANEY,JOSEPH BERTINO,GREGOR SCHURMANN,705253.0,548637.0,542964.0,13.0,2.0,0.0,0.0,55.0,1.0,A61K,C12N,C11D,0.95652174949646,0.260869562625885,0.3478260934352875,6.600441501103753,1.0154525386313467,0.0,0.0,14.07920792079208,0.255985598559856
128234,Medical Preparations,Enzyme Compounds,Analyzing Materials,PAIGE E MAHANEY,JOSEPH BERTINO,KIANOUSH MOTESHAREI,705253.0,548637.0,556973.0,13.0,2.0,0.0,0.0,55.0,0.0,A61K,C12N,G01N,0.95652174949646,0.260869562625885,0.1304347813129425,6.600441501103753,1.0154525386313467,0.0,0.0,14.07920792079208,0.0
128235,Medical Preparations,Enzyme Compounds,Measuring Enzymes,PAIGE E MAHANEY,JOSEPH BERTINO,NAM WON HUH,705253.0,548637.0,575939.0,13.0,2.0,0.0,0.0,55.0,3.0,A61K,C12N,C12Q,0.95652174949646,0.260869562625885,0.47826087474823,6.600441501103753,1.0154525386313467,0.0,0.0,14.07920792079208,0.767956795679568
354746,Medical Preparations,Analyzing Materials,Enzyme Compounds,MEGAN TRAN,DAVID ANDREW COATES,ROBERT ALAN GADSKI,596454.0,622969.0,279373.0,11.0,1.0,0.0,1.0,26.0,2.0,A61K,G01N,C12N,0.9615384340286255,0.11538461595773697,0.26923078298568726,8.260073260073261,0.750915750915751,0.0,0.47100802854594115,12.246208742194469,0.9420160570918823
354747,Medical Preparations,Analyzing Materials,Fats & Oils,MEGAN TRAN,DAVID ANDREW COATES,INGO KOSCHINSKI,596454.0,622969.0,478045.0,11.0,1.0,0.0,1.0,26.0,0.0,A61K,G01N,A23D,0.9615384340286255,0.11538461595773697,0.11538461595773697,8.260073260073261,0.750915750915751,0.0,0.47100802854594115,12.246208742194469,0.0
354748,Medical Preparations,Analyzing Materials,Enzyme Compounds,MEGAN TRAN,DAVID ANDREW COATES,YEN WEN CHEN,596454.0,622969.0,497329.0,11.0,1.0,0.0,1.0,26.0,3.0,A61K,G01N,C12N,0.9615384340286255,0.11538461595773697,0.26923078298568726,8.260073260073261,0.750915750915751,0.0,0.47100802854594115,12.246208742194469,1.4130240856378233
354749,Medical Preparations,Analyzing Materials,Explosive Compositions,MEGAN TRAN,DAVID ANDREW COATES,BANG SAM PARK,596454.0,622969.0,618937.0,11.0,1.0,0.0,1.0,26.0,0.0,A61K,G01N,C06B,0.9615384340286255,0.11538461595773697,0.26923078298568726,8.260073260073261,0.750915750915751,0.0,0.47100802854594115,12.246208742194469,0.0
354751,Medical Preparations,Analyzing Materials,Enzyme Compounds,MEGAN TRAN,DAVID ANDREW COATES,ERIK CHRISTENSON,596454.0,622969.0,621846.0,11.0,1.0,0.0,1.0,26.0,4.0,A61K,G01N,C12N,0.9615384340286255,0.11538461595773697,0.26923078298568726,8.260073260073261,0.750915750915751,0.0,0.47100802854594115,12.246208742194469,1.8840321141837646
354752,Medical Preparations,Analyzing Materials,Enzyme Compounds,MEGAN TRAN,DAVID ANDREW COATES,PHYLLIS S GOLDMAN,596454.0,622969.0,621847.0,11.0,1.0,0.0,1.0,26.0,4.0,A61K,G01N,C12N,0.9615384340286255,0.11538461595773697,0.26923078298568726,8.260073260073261,0.750915750915751,0.0,0.47100802854594115,12.246208742194469,1.8840321141837646
354753,Medical Preparations,Analyzing Materials,Enzyme Compounds,MEGAN TRAN,DAVID ANDREW COATES,DAVID L MCELLIGOTT,596454.0,622969.0,621848.0,11.0,1.0,0.0,1.0,26.0,4.0,A61K,G01N,C12N,0.9615384340286255,0.11538461595773697,0.26923078298568726,8.260073260073261,0.750915750915751,0.0,0.47100802854594115,12.246208742194469,1.8840321141837646
354755,Medical Preparations,Analyzing Materials,Detergents,MEGAN TRAN,DAVID ANDREW COATES,RALF PICARD,596454.0,622969.0,630825.0,11.0,1.0,0.0,1.0,26.0,0.0,A61K,G01N,C11D,0.9615384340286255,0.11538461595773697,0.38461539149284363,8.260073260073261,0.750915750915751,0.0,0.47100802854594115,12.246208742194469,0.0
354756,Medical Preparations,Analyzing Materials,Macromolecular Compositions,MEGAN TRAN,DAVID ANDREW COATES,HIROO KOYANAGI,596454.0,622969.0,642486.0,11.0,1.0,0.0,1.0,26.0,1.0,A61K,G01N,C08L,0.9615384340286255,0.11538461595773697,0.11538461595773697,8.260073260073261,0.750915750915751,0.0,0.47100802854594115,12.246208742194469,0.47100802854594115
354757,Medical Preparations,Analyzing Materials,Optics,MEGAN TRAN,DAVID ANDREW COATES,KYUKWAN ZONG,596454.0,622969.0,645485.0,11.0,1.0,0.0,1.0,26.0,1.0,A61K,G01N,G02F,0.9615384340286255,0.11538461595773697,0.11538461595773697,8.260073260073261,0.750915750915751,0.0,0.47100802854594115,12.246208742194469,0.47100802854594115
354758,Medical Preparations,Analyzing Materials,Enzyme Compounds,MEGAN TRAN,DAVID ANDREW COATES,HEATHER K RAYMON,596454.0,622969.0,662395.0,11.0,1.0,0.0,1.0,26.0,0.0,A61K,G01N,C12N,0.9615384340286255,0.11538461595773697,0.26923078298568726,8.260073260073261,0.750915750915751,0.0,0.47100802854594115,12.246208742194469,0.0
354759,Medical Preparations,Analyzing Materials,Enzyme Compounds,MEGAN TRAN,DAVID ANDREW COATES,ARTURO GALVANI,596454.0,622969.0,685222.0,11.0,1.0,0.0,1.0,26.0,0.0,A61K,G01N,C12N,0.9615384340286255,0.11538461595773697,0.26923078298568726,8.260073260073261,0.750915750915751,0.0,0.47100802854594115,12.246208742194469,0.0
354760,Medical Preparations,Analyzing Materials,Enzyme Compounds,MEGAN TRAN,DAVID ANDREW COATES,JURGEN MOLL,596454.0,622969.0,689953.0,11.0,1.0,0.0,1.0,26.0,0.0,A61K,G01N,C12N,0.9615384340286255,0.11538461595773697,0.26923078298568726,8.260073260073261,0.750915750915751,0.0,0.47100802854594115,12.246208742194469,0.0
354762,Medical Preparations,Analyzing Materials,Enzyme Compounds,MEGAN TRAN,DAVID ANDREW COATES,P L KRISTIAN SELBO,596454.0,622969.0,721516.0,11.0,1.0,0.0,1.0,26.0,0.0,A61K,G01N,C12N,0.9615384340286255,0.11538461595773697,0.26923078298568726,8.260073260073261,0.750915750915751,0.0,0.47100802854594115,12.246208742194469,0.0
354763,Medical Preparations,Analyzing Materials,Enzyme Compounds,MEGAN TRAN,DAVID ANDREW COATES,LISA S BEAVERS,596454.0,622969.0,733122.0,11.0,1.0,0.0,1.0,26.0,2.0,A61K,G01N,C12N,0.9615384340286255,0.11538461595773697,0.26923078298568726,8.260073260073261,0.750915750915751,0.0,0.47100802854594115,12.246208742194469,0.9420160570918823
355394,Medical Preparations,Analyzing Materials,Enzyme Compounds,SHLOMIT WIZEL,DAVID ANDREW COATES,ROBERT ALAN GADSKI,641340.0,622969.0,279373.0,18.0,1.0,0.0,1.0,26.0,2.0,A61K,G01N,C12N,0.9615384340286255,0.11538461595773697,0.26923078298568726,13.516483516483518,0.750915750915751,0.0,0.47100802854594115,12.246208742194469,0.9420160570918823
355395,Medical Preparations,Analyzing Materials,Fats & Oils,SHLOMIT WIZEL,DAVID ANDREW COATES,INGO KOSCHINSKI,641340.0,622969.0,478045.0,18.0,1.0,0.0,1.0,26.0,0.0,A61K,G01N,A23D,0.9615384340286255,0.11538461595773697,0.11538461595773697,13.516483516483518,0.750915750915751,0.0,0.47100802854594115,12.246208742194469,0.0
355396,Medical Preparations,Analyzing Materials,Enzyme Compounds,SHLOMIT WIZEL,DAVID ANDREW COATES,YEN WEN CHEN,641340.0,622969.0,497329.0,18.0,1.0,0.0,1.0,26.0,3.0,A61K,G01N,C12N,0.9615384340286255,0.11538461595773697,0.26923078298568726,13.516483516483518,0.750915750915751,0.0,0.47100802854594115,12.246208742194469,1.4130240856378233
355397,Medical Preparations,Analyzing Materials,Explosive Compositions,SHLOMIT WIZEL,DAVID ANDREW COATES,BANG SAM PARK,641340.0,622969.0,618937.0,18.0,1.0,0.0,1.0,26.0,0.0,A61K,G01N,C06B,0.9615384340286255,0.11538461595773697,0.26923078298568726,13.516483516483518,0.750915750915751,0.0,0.47100802854594115,12.246208742194469,0.0
355399,Medical Preparations,Analyzing Materials,Enzyme Compounds,SHLOMIT WIZEL,DAVID ANDREW COATES,ERIK CHRISTENSON,641340.0,622969.0,621846.0,18.0,1.0,0.0,1.0,26.0,4.0,A61K,G01N,C12N,0.9615384340286255,0.11538461595773697,0.26923078298568726,13.516483516483518,0.750915750915751,0.0,0.47100802854594115,12.246208742194469,1.8840321141837646
355400,Medical Preparations,Analyzing Materials,Enzyme Compounds,SHLOMIT WIZEL,DAVID ANDREW COATES,PHYLLIS S GOLDMAN,641340.0,622969.0,621847.0,18.0,1.0,0.0,1.0,26.0,4.0,A61K,G01N,C12N,0.9615384340286255,0.11538461595773697,0.26923078298568726,13.516483516483518,0.750915750915751,0.0,0.47100802854594115,12.246208742194469,1.8840321141837646
355401,Medical Preparations,Analyzing Materials,Enzyme Compounds,SHLOMIT WIZEL,DAVID ANDREW COATES,DAVID L MCELLIGOTT,641340.0,622969.0,621848.0,18.0,1.0,0.0,1.0,26.0,4.0,A61K,G01N,C12N,0.9615384340286255,0.11538461595773697,0.26923078298568726,13.516483516483518,0.750915750915751,0.0,0.47100802854594115,12.246208742194469,1.8840321141837646
355403,Medical Preparations,Analyzing Materials,Detergents,SHLOMIT WIZEL,DAVID ANDREW COATES,RALF PICARD,641340.0,622969.0,630825.0,18.0,1.0,0.0,1.0,26.0,0.0,A61K,G01N,C11D,0.9615384340286255,0.11538461595773697,0.38461539149284363,13.516483516483518,0.750915750915751,0.0,0.47100802854594115,12.246208742194469,0.0
355404,Medical Preparations,Analyzing Materials,Macromolecular Compositions,SHLOMIT WIZEL,DAVID ANDREW COATES,HIROO KOYANAGI,641340.0,622969.0,642486.0,18.0,1.0,0.0,1.0,26.0,1.0,A61K,G01N,C08L,0.9615384340286255,0.11538461595773697,0.11538461595773697,13.516483516483518,0.750915750915751,0.0,0.47100802854594115,12.246208742194469,0.47100802854594115
355405,Medical Preparations,Analyzing Materials,Optics,SHLOMIT WIZEL,DAVID ANDREW COATES,KYUKWAN ZONG,641340.0,622969.0,645485.0,18.0,1.0,0.0,1.0,26.0,1.0,A61K,G01N,G02F,0.9615384340286255,0.11538461595773697,0.11538461595773697,13.516483516483518,0.750915750915751,0.0,0.47100802854594115,12.246208742194469,0.47100802854594115
355406,Medical Preparations,Analyzing Materials,Enzyme Compounds,SHLOMIT WIZEL,DAVID ANDREW COATES,HEATHER K RAYMON,641340.0,622969.0,662395.0,18.0,1.0,0.0,1.0,26.0,0.0,A61K,G01N,C12N,0.9615384340286255,0.11538461595773697,0.26923078298568726,13.516483516483518,0.750915750915751,0.0,0.47100802854594115,12.246208742194469,0.0
355407,Medical Preparations,Analyzing Materials,Enzyme Compounds,SHLOMIT WIZEL,DAVID ANDREW COATES,ARTURO GALVANI,641340.0,622969.0,685222.0,18.0,1.0,0.0,1.0,26.0,0.0,A61K,G01N,C12N,0.9615384340286255,0.11538461595773697,0.26923078298568726,13.516483516483518,0.750915750915751,0.0,0.47100802854594115,12.246208742194469,0.0
355408,Medical Preparations,Analyzing Materials,Enzyme Compounds,SHLOMIT WIZEL,DAVID ANDREW COATES,JURGEN MOLL,641340.0,622969.0,689953.0,18.0,1.0,0.0,1.0,26.0,0.0,A61K,G01N,C12N,0.9615384340286255,0.11538461595773697,0.26923078298568726,13.516483516483518,0.750915750915751,0.0,0.47100802854594115,12.246208742194469,0.0
355410,Medical Preparations,Analyzing Materials,Enzyme Compounds,SHLOMIT WIZEL,DAVID ANDREW COATES,P L KRISTIAN SELBO,641340.0,622969.0,721516.0,18.0,1.0,0.0,1.0,26.0,0.0,A61K,G01N,C12N,0.9615384340286255,0.11538461595773697,0.26923078298568726,13.516483516483518,0.750915750915751,0.0,0.47100802854594115,12.246208742194469,0.0
355411,Medical Preparations,Analyzing Materials,Enzyme Compounds,SHLOMIT WIZEL,DAVID ANDREW COATES,LISA S BEAVERS,641340.0,622969.0,733122.0,18.0,1.0,0.0,1.0,26.0,2.0,A61K,G01N,C12N,0.9615384340286255,0.11538461595773697,0.26923078298568726,13.516483516483518,0.750915750915751,0.0,0.47100802854594115,12.246208742194469,0.9420160570918823
355754,Preserving Carcasses,Analyzing Materials,Enzyme Compounds,BERND M LLER,DAVID ANDREW COATES,ROBERT ALAN GADSKI,665961.0,622969.0,279373.0,18.0,1.0,0.0,1.0,26.0,2.0,A01N,G01N,C12N,0.9615384340286255,0.11538461595773697,0.26923078298568726,13.516483516483518,0.750915750915751,0.0,0.47100802854594115,12.246208742194469,0.9420160570918823
355755,Preserving Carcasses,Analyzing Materials,Fats & Oils,BERND M LLER,DAVID ANDREW COATES,INGO KOSCHINSKI,665961.0,622969.0,478045.0,18.0,1.0,0.0,1.0,26.0,0.0,A01N,G01N,A23D,0.9615384340286255,0.11538461595773697,0.11538461595773697,13.516483516483518,0.750915750915751,0.0,0.47100802854594115,12.246208742194469,0.0
355756,Preserving Carcasses,Analyzing Materials,Enzyme Compounds,BERND M LLER,DAVID ANDREW COATES,YEN WEN CHEN,665961.0,622969.0,497329.0,18.0,1.0,0.0,1.0,26.0,3.0,A01N,G01N,C12N,0.9615384340286255,0.11538461595773697,0.26923078298568726,13.516483516483518,0.750915750915751,0.0,0.47100802854594115,12.246208742194469,1.4130240856378233
355757,Preserving Carcasses,Analyzing Materials,Explosive Compositions,BERND M LLER,DAVID ANDREW COATES,BANG SAM PARK,665961.0,622969.0,618937.0,18.0,1.0,0.0,1.0,26.0,0.0,A01N,G01N,C06B,0.9615384340286255,0.11538461595773697,0.26923078298568726,13.516483516483518,0.750915750915751,0.0,0.47100802854594115,12.246208742194469,0.0
355759,Preserving Carcasses,Analyzing Materials,Enzyme Compounds,BERND M LLER,DAVID ANDREW COATES,ERIK CHRISTENSON,665961.0,622969.0,621846.0,18.0,1.0,0.0,1.0,26.0,4.0,A01N,G01N,C12N,0.9615384340286255,0.11538461595773697,0.26923078298568726,13.516483516483518,0.750915750915751,0.0,0.47100802854594115,12.246208742194469,1.8840321141837646
355760,Preserving Carcasses,Analyzing Materials,Enzyme Compounds,BERND M LLER,DAVID ANDREW COATES,PHYLLIS S GOLDMAN,665961.0,622969.0,621847.0,18.0,1.0,0.0,1.0,26.0,4.0,A01N,G01N,C12N,0.9615384340286255,0.11538461595773697,0.26923078298568726,13.516483516483518,0.750915750915751,0.0,0.47100802854594115,12.246208742194469,1.8840321141837646
355761,Preserving Carcasses,Analyzing Materials,Enzyme Compounds,BERND M LLER,DAVID ANDREW COATES,DAVID L MCELLIGOTT,665961.0,622969.0,621848.0,18.0,1.0,0.0,1.0,26.0,4.0,A01N,G01N,C12N,0.9615384340286255,0.11538461595773697,0.26923078298568726,13.516483516483518,0.750915750915751,0.0,0.47100802854594115,12.246208742194469,1.8840321141837646
355763,Preserving Carcasses,Analyzing Materials,Detergents,BERND M LLER,DAVID ANDREW COATES,RALF PICARD,665961.0,622969.0,630825.0,18.0,1.0,0.0,1.0,26.0,0.0,A01N,G01N,C11D,0.9615384340286255,0.11538461595773697,0.38461539149284363,13.516483516483518,0.750915750915751,0.0,0.47100802854594115,12.246208742194469,0.0
355764,Preserving Carcasses,Analyzing Materials,Macromolecular Compositions,BERND M LLER,DAVID ANDREW COATES,HIROO KOYANAGI,665961.0,622969.0,642486.0,18.0,1.0,0.0,1.0,26.0,1.0,A01N,G01N,C08L,0.9615384340286255,0.11538461595773697,0.11538461595773697,13.516483516483518,0.750915750915751,0.0,0.47100802854594115,12.246208742194469,0.47100802854594115
355765,Preserving Carcasses,Analyzing Materials,Optics,BERND M LLER,DAVID ANDREW COATES,KYUKWAN ZONG,665961.0,622969.0,645485.0,18.0,1.0,0.0,1.0,26.0,1.0,A01N,G01N,G02F,0.9615384340286255,0.11538461595773697,0.11538461595773697,13.516483516483518,0.750915750915751,0.0,0.47100802854594115,12.246208742194469,0.47100802854594115
355766,Preserving Carcasses,Analyzing Materials,Enzyme Compounds,BERND M LLER,DAVID ANDREW COATES,HEATHER K RAYMON,665961.0,622969.0,662395.0,18.0,1.0,0.0,1.0,26.0,0.0,A01N,G01N,C12N,0.9615384340286255,0.11538461595773697,0.26923078298568726,13.516483516483518,0.750915750915751,0.0,0.47100802854594115,12.246208742194469,0.0
355767,Preserving Carcasses,Analyzing Materials,Enzyme Compounds,BERND M LLER,DAVID ANDREW COATES,ARTURO GALVANI,665961.0,622969.0,685222.0,18.0,1.0,0.0,1.0,26.0,0.0,A01N,G01N,C12N,0.9615384340286255,0.11538461595773697,0.26923078298568726,13.516483516483518,0.750915750915751,0.0,0.47100802854594115,12.246208742194469,0.0
355768,Preserving Carcasses,Analyzing Materials,Enzyme Compounds,BERND M LLER,DAVID ANDREW COATES,JURGEN MOLL,665961.0,622969.0,689953.0,18.0,1.0,0.0,1.0,26.0,0.0,A01N,G01N,C12N,0.9615384340286255,0.11538461595773697,0.26923078298568726,13.516483516483518,0.750915750915751,0.0,0.47100802854594115,12.246208742194469,0.0
355770,Preserving Carcasses,Analyzing Materials,Enzyme Compounds,BERND M LLER,DAVID ANDREW COATES,P L KRISTIAN SELBO,665961.0,622969.0,721516.0,18.0,1.0,0.0,1.0,26.0,0.0,A01N,G01N,C12N,0.9615384340286255,0.11538461595773697,0.26923078298568726,13.516483516483518,0.750915750915751,0.0,0.47100802854594115,12.246208742194469,0.0
355771,Preserving Carcasses,Analyzing Materials,Enzyme Compounds,BERND M LLER,DAVID ANDREW COATES,LISA S BEAVERS,665961.0,622969.0,733122.0,18.0,1.0,0.0,1.0,26.0,2.0,A01N,G01N,C12N,0.9615384340286255,0.11538461595773697,0.26923078298568726,13.516483516483518,0.750915750915751,0.0,0.47100802854594115,12.246208742194469,0.9420160570918823
357887,Medical Preparations,Peptides,Enzyme Compounds,CHRISTOPHER M SEMKO,DIMITRI EMIL GRIGORIADIS,LESLIE D BELL,476675.0,463387.0,276608.0,17.0,0.0,0.0,4.0,44.0,4.0,A61K,C07K,C12N,0.9545454382896423,0.5,0.27272728085517883,9.670454545454547,0.0,0.0,0.936649119622436,10.303140315846797,0.936649119622436
357888,Medical Preparations,Peptides,Analyzing Materials,CHRISTOPHER M SEMKO,DIMITRI EMIL GRIGORIADIS,C STEWART DENTON,476675.0,463387.0,427538.0,17.0,0.0,0.0,4.0,44.0,0.0,A61K,C07K,G01N,0.9545454382896423,0.5,0.13636364042758942,9.670454545454547,0.0,0.0,0.936649119622436,10.303140315846797,0.0
357890,Medical Preparations,Peptides,Macromolecular Compositions,CHRISTOPHER M SEMKO,DIMITRI EMIL GRIGORIADIS,SAPE QUASHIE,476675.0,463387.0,454880.0,17.0,0.0,0.0,4.0,44.0,2.0,A61K,C07K,C08L,0.9545454382896423,0.5,0.13636364042758942,9.670454545454547,0.0,0.0,0.936649119622436,10.303140315846797,0.468324559811218
357891,Medical Preparations,Peptides,Analyzing Materials,CHRISTOPHER M SEMKO,DIMITRI EMIL GRIGORIADIS,NIGEL DENNIS TINKER,476675.0,463387.0,473393.0,17.0,0.0,0.0,4.0,44.0,3.0,A61K,C07K,G01N,0.9545454382896423,0.5,0.13636364042758942,9.670454545454547,0.0,0.0,0.936649119622436,10.303140315846797,0.702486839716827
357903,Medical Preparations,Peptides,Enzyme Compounds,ROGER NORCROSS,DIMITRI EMIL GRIGORIADIS,LESLIE D BELL,480967.0,463387.0,276608.0,11.0,0.0,0.0,7.0,44.0,4.0,A61K,C07K,C12N,0.9545454382896423,0.5,0.27272728085517883,6.257352941176471,0.0,0.0,1.6391359593392631,10.303140315846797,0.936649119622436
357904,Medical Preparations,Peptides,Analyzing Materials,ROGER NORCROSS,DIMITRI EMIL GRIGORIADIS,C STEWART DENTON,480967.0,463387.0,427538.0,11.0,0.0,0.0,7.0,44.0,0.0,A61K,C07K,G01N,0.9545454382896423,0.5,0.13636364042758942,6.257352941176471,0.0,0.0,1.6391359593392631,10.303140315846797,0.0
357906,Medical Preparations,Peptides,Macromolecular Compositions,ROGER NORCROSS,DIMITRI EMIL GRIGORIADIS,SAPE QUASHIE,480967.0,463387.0,454880.0,11.0,0.0,0.0,7.0,44.0,2.0,A61K,C07K,C08L,0.9545454382896423,0.5,0.13636364042758942,6.257352941176471,0.0,0.0,1.6391359593392631,10.303140315846797,0.468324559811218
357907,Medical Preparations,Peptides,Analyzing Materials,ROGER NORCROSS,DIMITRI EMIL GRIGORIADIS,NIGEL DENNIS TINKER,480967.0,463387.0,473393.0,11.0,0.0,0.0,7.0,44.0,3.0,A61K,C07K,G01N,0.9545454382896423,0.5,0.13636364042758942,6.257352941176471,0.0,0.0,1.6391359593392631,10.303140315846797,0.702486839716827
357935,Preserving Carcasses,Peptides,Enzyme Compounds,MICHAEL RACK,DIMITRI EMIL GRIGORIADIS,LESLIE D BELL,494654.0,463387.0,276608.0,34.0,0.0,0.0,0.0,44.0,4.0,A01N,C07K,C12N,0.9545454382896423,0.5,0.27272728085517883,19.340909090909093,0.0,0.0,0.0,10.303140315846797,0.936649119622436
357936,Preserving Carcasses,Peptides,Analyzing Materials,MICHAEL RACK,DIMITRI EMIL GRIGORIADIS,C STEWART DENTON,494654.0,463387.0,427538.0,34.0,0.0,0.0,0.0,44.0,0.0,A01N,C07K,G01N,0.9545454382896423,0.5,0.13636364042758942,19.340909090909093,0.0,0.0,0.0,10.303140315846797,0.0
357938,Preserving Carcasses,Peptides,Macromolecular Compositions,MICHAEL RACK,DIMITRI EMIL GRIGORIADIS,SAPE QUASHIE,494654.0,463387.0,454880.0,34.0,0.0,0.0,0.0,44.0,2.0,A01N,C07K,C08L,0.9545454382896423,0.5,0.13636364042758942,19.340909090909093,0.0,0.0,0.0,10.303140315846797,0.468324559811218
357939,Preserving Carcasses,Peptides,Analyzing Materials,MICHAEL RACK,DIMITRI EMIL GRIGORIADIS,NIGEL DENNIS TINKER,494654.0,463387.0,473393.0,34.0,0.0,0.0,0.0,44.0,3.0,A01N,C07K,G01N,0.9545454382896423,0.5,0.13636364042758942,19.340909090909093,0.0,0.0,0.0,10.303140315846797,0.702486839716827
357999,Medical Preparations,Peptides,Enzyme Compounds,MICHAEL A PLIESS,DIMITRI EMIL GRIGORIADIS,LESLIE D BELL,508467.0,463387.0,276608.0,19.0,0.0,0.0,4.0,44.0,4.0,A61K,C07K,C12N,0.9545454382896423,0.5,0.27272728085517883,10.808155080213904,0.0,0.0,0.936649119622436,10.303140315846797,0.936649119622436
358000,Medical Preparations,Peptides,Analyzing Materials,MICHAEL A PLIESS,DIMITRI EMIL GRIGORIADIS,C STEWART DENTON,508467.0,463387.0,427538.0,19.0,0.0,0.0,4.0,44.0,0.0,A61K,C07K,G01N,0.9545454382896423,0.5,0.13636364042758942,10.808155080213904,0.0,0.0,0.936649119622436,10.303140315846797,0.0
358002,Medical Preparations,Peptides,Macromolecular Compositions,MICHAEL A PLIESS,DIMITRI EMIL GRIGORIADIS,SAPE QUASHIE,508467.0,463387.0,454880.0,19.0,0.0,0.0,4.0,44.0,2.0,A61K,C07K,C08L,0.9545454382896423,0.5,0.13636364042758942,10.808155080213904,0.0,0.0,0.936649119622436,10.303140315846797,0.468324559811218
358003,Medical Preparations,Peptides,Analyzing Materials,MICHAEL A PLIESS,DIMITRI EMIL GRIGORIADIS,NIGEL DENNIS TINKER,508467.0,463387.0,473393.0,19.0,0.0,0.0,4.0,44.0,3.0,A61K,C07K,G01N,0.9545454382896423,0.5,0.13636364042758942,10.808155080213904,0.0,0.0,0.936649119622436,10.303140315846797,0.702486839716827
358015,Medical Preparations,Peptides,Enzyme Compounds,PANOLIL C RAVEENDRANATH,DIMITRI EMIL GRIGORIADIS,LESLIE D BELL,509174.0,463387.0,276608.0,12.0,0.0,0.0,1.0,44.0,4.0,A61K,C07K,C12N,0.9545454382896423,0.5,0.27272728085517883,6.826203208556151,0.0,0.0,0.234162279905609,10.303140315846797,0.936649119622436
358016,Medical Preparations,Peptides,Analyzing Materials,PANOLIL C RAVEENDRANATH,DIMITRI EMIL GRIGORIADIS,C STEWART DENTON,509174.0,463387.0,427538.0,12.0,0.0,0.0,1.0,44.0,0.0,A61K,C07K,G01N,0.9545454382896423,0.5,0.13636364042758942,6.826203208556151,0.0,0.0,0.234162279905609,10.303140315846797,0.0
358018,Medical Preparations,Peptides,Macromolecular Compositions,PANOLIL C RAVEENDRANATH,DIMITRI EMIL GRIGORIADIS,SAPE QUASHIE,509174.0,463387.0,454880.0,12.0,0.0,0.0,1.0,44.0,2.0,A61K,C07K,C08L,0.9545454382896423,0.5,0.13636364042758942,6.826203208556151,0.0,0.0,0.234162279905609,10.303140315846797,0.468324559811218
358019,Medical Preparations,Peptides,Analyzing Materials,PANOLIL C RAVEENDRANATH,DIMITRI EMIL GRIGORIADIS,NIGEL DENNIS TINKER,509174.0,463387.0,473393.0,12.0,0.0,0.0,1.0,44.0,3.0,A61K,C07K,G01N,0.9545454382896423,0.5,0.13636364042758942,6.826203208556151,0.0,0.0,0.234162279905609,10.303140315846797,0.702486839716827
358087,Preserving Carcasses,Peptides,Enzyme Compounds,THOMAS AULER,DIMITRI EMIL GRIGORIADIS,LESLIE D BELL,549908.0,463387.0,276608.0,14.0,0.0,0.0,0.0,44.0,4.0,A01N,C07K,C12N,0.9545454382896423,0.5,0.27272728085517883,7.963903743315509,0.0,0.0,0.0,10.303140315846797,0.936649119622436
358088,Preserving Carcasses,Peptides,Analyzing Materials,THOMAS AULER,DIMITRI EMIL GRIGORIADIS,C STEWART DENTON,549908.0,463387.0,427538.0,14.0,0.0,0.0,0.0,44.0,0.0,A01N,C07K,G01N,0.9545454382896423,0.5,0.13636364042758942,7.963903743315509,0.0,0.0,0.0,10.303140315846797,0.0
358090,Preserving Carcasses,Peptides,Macromolecular Compositions,THOMAS AULER,DIMITRI EMIL GRIGORIADIS,SAPE QUASHIE,549908.0,463387.0,454880.0,14.0,0.0,0.0,0.0,44.0,2.0,A01N,C07K,C08L,0.9545454382896423,0.5,0.13636364042758942,7.963903743315509,0.0,0.0,0.0,10.303140315846797,0.468324559811218
358091,Preserving Carcasses,Peptides,Analyzing Materials,THOMAS AULER,DIMITRI EMIL GRIGORIADIS,NIGEL DENNIS TINKER,549908.0,463387.0,473393.0,14.0,0.0,0.0,0.0,44.0,3.0,A01N,C07K,G01N,0.9545454382896423,0.5,0.13636364042758942,7.963903743315509,0.0,0.0,0.0,10.303140315846797,0.702486839716827
358095,Medical Preparations,Peptides,Enzyme Compounds,ANDREI KONRADI,DIMITRI EMIL GRIGORIADIS,LESLIE D BELL,565198.0,463387.0,276608.0,19.0,0.0,0.0,4.0,44.0,4.0,A61K,C07K,C12N,0.9545454382896423,0.5,0.27272728085517883,10.808155080213904,0.0,0.0,0.936649119622436,10.303140315846797,0.936649119622436
358096,Medical Preparations,Peptides,Analyzing Materials,ANDREI KONRADI,DIMITRI EMIL GRIGORIADIS,C STEWART DENTON,565198.0,463387.0,427538.0,19.0,0.0,0.0,4.0,44.0,0.0,A61K,C07K,G01N,0.9545454382896423,0.5,0.13636364042758942,10.808155080213904,0.0,0.0,0.936649119622436,10.303140315846797,0.0
358098,Medical Preparations,Peptides,Macromolecular Compositions,ANDREI KONRADI,DIMITRI EMIL GRIGORIADIS,SAPE QUASHIE,565198.0,463387.0,454880.0,19.0,0.0,0.0,4.0,44.0,2.0,A61K,C07K,C08L,0.9545454382896423,0.5,0.13636364042758942,10.808155080213904,0.0,0.0,0.936649119622436,10.303140315846797,0.468324559811218
358099,Medical Preparations,Peptides,Analyzing Materials,ANDREI KONRADI,DIMITRI EMIL GRIGORIADIS,NIGEL DENNIS TINKER,565198.0,463387.0,473393.0,19.0,0.0,0.0,4.0,44.0,3.0,A61K,C07K,G01N,0.9545454382896423,0.5,0.13636364042758942,10.808155080213904,0.0,0.0,0.936649119622436,10.303140315846797,0.702486839716827
476151,Medical Preparations,Optics,Enzyme Compounds,PAUL W MANLEY,DAVID A THEISTE,HIROYUKI NISHIDA,416136.0,348519.0,438330.0,12.0,1.0,0.0,1.0,70.0,2.0,A61K,G02F,C12N,0.9523809552192688,0.1428571492433548,0.2857142984867096,6.447956403269755,0.5373297002724796,0.0,0.1936864633493847,13.558052434456929,0.3873729266987694
476153,Medical Preparations,Optics,Animal Feed,PAUL W MANLEY,DAVID A THEISTE,YVES CHEVREMONT,416136.0,348519.0,450953.0,12.0,1.0,0.0,1.0,70.0,1.0,A61K,G02F,A23K,0.9523809552192688,0.1428571492433548,0.190476194024086,6.447956403269755,0.5373297002724796,0.0,0.1936864633493847,13.558052434456929,0.1936864633493847
476154,Medical Preparations,Optics,Measuring Enzymes,PAUL W MANLEY,DAVID A THEISTE,GREGORY L VERDINE,416136.0,348519.0,462768.0,12.0,1.0,0.0,1.0,70.0,2.0,A61K,G02F,C12Q,0.9523809552192688,0.1428571492433548,0.4285714328289032,6.447956403269755,0.5373297002724796,0.0,0.1936864633493847,13.558052434456929,0.3873729266987694
476155,Medical Preparations,Optics,Non-Metallic Elements,PAUL W MANLEY,DAVID A THEISTE,FUMISATO GOTO,416136.0,348519.0,474772.0,12.0,1.0,0.0,1.0,70.0,2.0,A61K,G02F,C01B,0.9523809552192688,0.1428571492433548,0.3333333432674408,6.447956403269755,0.5373297002724796,0.0,0.1936864633493847,13.558052434456929,0.3873729266987694
476156,Medical Preparations,Optics,Non-Metallic Elements,PAUL W MANLEY,DAVID A THEISTE,KOZO TANAKA,416136.0,348519.0,474773.0,12.0,1.0,0.0,1.0,70.0,2.0,A61K,G02F,C01B,0.9523809552192688,0.1428571492433548,0.3333333432674408,6.447956403269755,0.5373297002724796,0.0,0.1936864633493847,13.558052434456929,0.3873729266987694
476157,Medical Preparations,Optics,Enzyme Compounds,PAUL W MANLEY,DAVID A THEISTE,YONG HUH,416136.0,348519.0,492001.0,12.0,1.0,0.0,1.0,70.0,0.0,A61K,G02F,C12N,0.9523809552192688,0.1428571492433548,0.2857142984867096,6.447956403269755,0.5373297002724796,0.0,0.1936864633493847,13.558052434456929,0.0
476158,Medical Preparations,Optics,Macromolecular Compositions,PAUL W MANLEY,DAVID A THEISTE,LING YU CHENG,416136.0,348519.0,505208.0,12.0,1.0,0.0,1.0,70.0,0.0,A61K,G02F,C08L,0.9523809552192688,0.1428571492433548,0.1428571492433548,6.447956403269755,0.5373297002724796,0.0,0.1936864633493847,13.558052434456929,0.0
476159,Medical Preparations,Optics,Measuring Enzymes,PAUL W MANLEY,DAVID A THEISTE,JUNKO AIMI,416136.0,348519.0,527574.0,12.0,1.0,0.0,1.0,70.0,0.0,A61K,G02F,C12Q,0.9523809552192688,0.1428571492433548,0.4285714328289032,6.447956403269755,0.5373297002724796,0.0,0.1936864633493847,13.558052434456929,0.0
476241,Medical Preparations,Optics,Enzyme Compounds,ROGER VICTOR BONNERT,DAVID A THEISTE,HIROYUKI NISHIDA,432553.0,348519.0,438330.0,13.0,1.0,0.0,5.0,70.0,2.0,A61K,G02F,C12N,0.9523809552192688,0.1428571492433548,0.2857142984867096,6.985286103542235,0.5373297002724796,0.0,0.9684323167469234,13.558052434456929,0.3873729266987694
476243,Medical Preparations,Optics,Animal Feed,ROGER VICTOR BONNERT,DAVID A THEISTE,YVES CHEVREMONT,432553.0,348519.0,450953.0,13.0,1.0,0.0,5.0,70.0,1.0,A61K,G02F,A23K,0.9523809552192688,0.1428571492433548,0.190476194024086,6.985286103542235,0.5373297002724796,0.0,0.9684323167469234,13.558052434456929,0.1936864633493847
476244,Medical Preparations,Optics,Measuring Enzymes,ROGER VICTOR BONNERT,DAVID A THEISTE,GREGORY L VERDINE,432553.0,348519.0,462768.0,13.0,1.0,0.0,5.0,70.0,2.0,A61K,G02F,C12Q,0.9523809552192688,0.1428571492433548,0.4285714328289032,6.985286103542235,0.5373297002724796,0.0,0.9684323167469234,13.558052434456929,0.3873729266987694
476245,Medical Preparations,Optics,Non-Metallic Elements,ROGER VICTOR BONNERT,DAVID A THEISTE,FUMISATO GOTO,432553.0,348519.0,474772.0,13.0,1.0,0.0,5.0,70.0,2.0,A61K,G02F,C01B,0.9523809552192688,0.1428571492433548,0.3333333432674408,6.985286103542235,0.5373297002724796,0.0,0.9684323167469234,13.558052434456929,0.3873729266987694
476246,Medical Preparations,Optics,Non-Metallic Elements,ROGER VICTOR BONNERT,DAVID A THEISTE,KOZO TANAKA,432553.0,348519.0,474773.0,13.0,1.0,0.0,5.0,70.0,2.0,A61K,G02F,C01B,0.9523809552192688,0.1428571492433548,0.3333333432674408,6.985286103542235,0.5373297002724796,0.0,0.9684323167469234,13.558052434456929,0.3873729266987694
476247,Medical Preparations,Optics,Enzyme Compounds,ROGER VICTOR BONNERT,DAVID A THEISTE,YONG HUH,432553.0,348519.0,492001.0,13.0,1.0,0.0,5.0,70.0,0.0,A61K,G02F,C12N,0.9523809552192688,0.1428571492433548,0.2857142984867096,6.985286103542235,0.5373297002724796,0.0,0.9684323167469234,13.558052434456929,0.0
476248,Medical Preparations,Optics,Macromolecular Compositions,ROGER VICTOR BONNERT,DAVID A THEISTE,LING YU CHENG,432553.0,348519.0,505208.0,13.0,1.0,0.0,5.0,70.0,0.0,A61K,G02F,C08L,0.9523809552192688,0.1428571492433548,0.1428571492433548,6.985286103542235,0.5373297002724796,0.0,0.9684323167469234,13.558052434456929,0.0
476249,Medical Preparations,Optics,Measuring Enzymes,ROGER VICTOR BONNERT,DAVID A THEISTE,JUNKO AIMI,432553.0,348519.0,527574.0,13.0,1.0,0.0,5.0,70.0,0.0,A61K,G02F,C12Q,0.9523809552192688,0.1428571492433548,0.4285714328289032,6.985286103542235,0.5373297002724796,0.0,0.9684323167469234,13.558052434456929,0.0
476481,Preserving Carcasses,Optics,Enzyme Compounds,HARTMUT RIECHERS,DAVID A THEISTE,HIROYUKI NISHIDA,474723.0,348519.0,438330.0,12.0,1.0,0.0,9.0,70.0,2.0,A01N,G02F,C12N,0.9523809552192688,0.1428571492433548,0.2857142984867096,6.447956403269755,0.5373297002724796,0.0,1.7431781701444622,13.558052434456929,0.3873729266987694
476483,Preserving Carcasses,Optics,Animal Feed,HARTMUT RIECHERS,DAVID A THEISTE,YVES CHEVREMONT,474723.0,348519.0,450953.0,12.0,1.0,0.0,9.0,70.0,1.0,A01N,G02F,A23K,0.9523809552192688,0.1428571492433548,0.190476194024086,6.447956403269755,0.5373297002724796,0.0,1.7431781701444622,13.558052434456929,0.1936864633493847
476484,Preserving Carcasses,Optics,Measuring Enzymes,HARTMUT RIECHERS,DAVID A THEISTE,GREGORY L VERDINE,474723.0,348519.0,462768.0,12.0,1.0,0.0,9.0,70.0,2.0,A01N,G02F,C12Q,0.9523809552192688,0.1428571492433548,0.4285714328289032,6.447956403269755,0.5373297002724796,0.0,1.7431781701444622,13.558052434456929,0.3873729266987694
476485,Preserving Carcasses,Optics,Non-Metallic Elements,HARTMUT RIECHERS,DAVID A THEISTE,FUMISATO GOTO,474723.0,348519.0,474772.0,12.0,1.0,0.0,9.0,70.0,2.0,A01N,G02F,C01B,0.9523809552192688,0.1428571492433548,0.3333333432674408,6.447956403269755,0.5373297002724796,0.0,1.7431781701444622,13.558052434456929,0.3873729266987694
476486,Preserving Carcasses,Optics,Non-Metallic Elements,HARTMUT RIECHERS,DAVID A THEISTE,KOZO TANAKA,474723.0,348519.0,474773.0,12.0,1.0,0.0,9.0,70.0,2.0,A01N,G02F,C01B,0.9523809552192688,0.1428571492433548,0.3333333432674408,6.447956403269755,0.5373297002724796,0.0,1.7431781701444622,13.558052434456929,0.3873729266987694
476487,Preserving Carcasses,Optics,Enzyme Compounds,HARTMUT RIECHERS,DAVID A THEISTE,YONG HUH,474723.0,348519.0,492001.0,12.0,1.0,0.0,9.0,70.0,0.0,A01N,G02F,C12N,0.9523809552192688,0.1428571492433548,0.2857142984867096,6.447956403269755,0.5373297002724796,0.0,1.7431781701444622,13.558052434456929,0.0
476488,Preserving Carcasses,Optics,Macromolecular Compositions,HARTMUT RIECHERS,DAVID A THEISTE,LING YU CHENG,474723.0,348519.0,505208.0,12.0,1.0,0.0,9.0,70.0,0.0,A01N,G02F,C08L,0.9523809552192688,0.1428571492433548,0.1428571492433548,6.447956403269755,0.5373297002724796,0.0,1.7431781701444622,13.558052434456929,0.0
476489,Preserving Carcasses,Optics,Measuring Enzymes,HARTMUT RIECHERS,DAVID A THEISTE,JUNKO AIMI,474723.0,348519.0,527574.0,12.0,1.0,0.0,9.0,70.0,0.0,A01N,G02F,C12Q,0.9523809552192688,0.1428571492433548,0.4285714328289032,6.447956403269755,0.5373297002724796,0.0,1.7431781701444622,13.558052434456929,0.0
476511,Preserving Carcasses,Optics,Enzyme Compounds,SIEGFREID STRATHMANN,DAVID A THEISTE,HIROYUKI NISHIDA,480351.0,348519.0,438330.0,28.0,1.0,0.0,5.0,70.0,2.0,A01N,G02F,C12N,0.9523809552192688,0.1428571492433548,0.2857142984867096,15.045231607629429,0.5373297002724796,0.0,0.9684323167469234,13.558052434456929,0.3873729266987694
476513,Preserving Carcasses,Optics,Animal Feed,SIEGFREID STRATHMANN,DAVID A THEISTE,YVES CHEVREMONT,480351.0,348519.0,450953.0,28.0,1.0,0.0,5.0,70.0,1.0,A01N,G02F,A23K,0.9523809552192688,0.1428571492433548,0.190476194024086,15.045231607629429,0.5373297002724796,0.0,0.9684323167469234,13.558052434456929,0.1936864633493847
476514,Preserving Carcasses,Optics,Measuring Enzymes,SIEGFREID STRATHMANN,DAVID A THEISTE,GREGORY L VERDINE,480351.0,348519.0,462768.0,28.0,1.0,0.0,5.0,70.0,2.0,A01N,G02F,C12Q,0.9523809552192688,0.1428571492433548,0.4285714328289032,15.045231607629429,0.5373297002724796,0.0,0.9684323167469234,13.558052434456929,0.3873729266987694
476515,Preserving Carcasses,Optics,Non-Metallic Elements,SIEGFREID STRATHMANN,DAVID A THEISTE,FUMISATO GOTO,480351.0,348519.0,474772.0,28.0,1.0,0.0,5.0,70.0,2.0,A01N,G02F,C01B,0.9523809552192688,0.1428571492433548,0.3333333432674408,15.045231607629429,0.5373297002724796,0.0,0.9684323167469234,13.558052434456929,0.3873729266987694
476516,Preserving Carcasses,Optics,Non-Metallic Elements,SIEGFREID STRATHMANN,DAVID A THEISTE,KOZO TANAKA,480351.0,348519.0,474773.0,28.0,1.0,0.0,5.0,70.0,2.0,A01N,G02F,C01B,0.9523809552192688,0.1428571492433548,0.3333333432674408,15.045231607629429,0.5373297002724796,0.0,0.9684323167469234,13.558052434456929,0.3873729266987694
476517,Preserving Carcasses,Optics,Enzyme Compounds,SIEGFREID STRATHMANN,DAVID A THEISTE,YONG HUH,480351.0,348519.0,492001.0,28.0,1.0,0.0,5.0,70.0,0.0,A01N,G02F,C12N,0.9523809552192688,0.1428571492433548,0.2857142984867096,15.045231607629429,0.5373297002724796,0.0,0.9684323167469234,13.558052434456929,0.0
476518,Preserving Carcasses,Optics,Macromolecular Compositions,SIEGFREID STRATHMANN,DAVID A THEISTE,LING YU CHENG,480351.0,348519.0,505208.0,28.0,1.0,0.0,5.0,70.0,0.0,A01N,G02F,C08L,0.9523809552192688,0.1428571492433548,0.1428571492433548,15.045231607629429,0.5373297002724796,0.0,0.9684323167469234,13.558052434456929,0.0
476519,Preserving Carcasses,Optics,Measuring Enzymes,SIEGFREID STRATHMANN,DAVID A THEISTE,JUNKO AIMI,480351.0,348519.0,527574.0,28.0,1.0,0.0,5.0,70.0,0.0,A01N,G02F,C12Q,0.9523809552192688,0.1428571492433548,0.4285714328289032,15.045231607629429,0.5373297002724796,0.0,0.9684323167469234,13.558052434456929,0.0
476551,Preserving Carcasses,Optics,Enzyme Compounds,RAJAGOPAL BAKTHAVATCHALAM,DAVID A THEISTE,HIROYUKI NISHIDA,489786.0,348519.0,438330.0,16.0,1.0,0.0,6.0,70.0,2.0,A01N,G02F,C12N,0.9523809552192688,0.1428571492433548,0.2857142984867096,8.597275204359674,0.5373297002724796,0.0,1.1621187800963082,13.558052434456929,0.3873729266987694
476553,Preserving Carcasses,Optics,Animal Feed,RAJAGOPAL BAKTHAVATCHALAM,DAVID A THEISTE,YVES CHEVREMONT,489786.0,348519.0,450953.0,16.0,1.0,0.0,6.0,70.0,1.0,A01N,G02F,A23K,0.9523809552192688,0.1428571492433548,0.190476194024086,8.597275204359674,0.5373297002724796,0.0,1.1621187800963082,13.558052434456929,0.1936864633493847
476554,Preserving Carcasses,Optics,Measuring Enzymes,RAJAGOPAL BAKTHAVATCHALAM,DAVID A THEISTE,GREGORY L VERDINE,489786.0,348519.0,462768.0,16.0,1.0,0.0,6.0,70.0,2.0,A01N,G02F,C12Q,0.9523809552192688,0.1428571492433548,0.4285714328289032,8.597275204359674,0.5373297002724796,0.0,1.1621187800963082,13.558052434456929,0.3873729266987694
476555,Preserving Carcasses,Optics,Non-Metallic Elements,RAJAGOPAL BAKTHAVATCHALAM,DAVID A THEISTE,FUMISATO GOTO,489786.0,348519.0,474772.0,16.0,1.0,0.0,6.0,70.0,2.0,A01N,G02F,C01B,0.9523809552192688,0.1428571492433548,0.3333333432674408,8.597275204359674,0.5373297002724796,0.0,1.1621187800963082,13.558052434456929,0.3873729266987694
476556,Preserving Carcasses,Optics,Non-Metallic Elements,RAJAGOPAL BAKTHAVATCHALAM,DAVID A THEISTE,KOZO TANAKA,489786.0,348519.0,474773.0,16.0,1.0,0.0,6.0,70.0,2.0,A01N,G02F,C01B,0.9523809552192688,0.1428571492433548,0.3333333432674408,8.597275204359674,0.5373297002724796,0.0,1.1621187800963082,13.558052434456929,0.3873729266987694
476557,Preserving Carcasses,Optics,Enzyme Compounds,RAJAGOPAL BAKTHAVATCHALAM,DAVID A THEISTE,YONG HUH,489786.0,348519.0,492001.0,16.0,1.0,0.0,6.0,70.0,0.0,A01N,G02F,C12N,0.9523809552192688,0.1428571492433548,0.2857142984867096,8.597275204359674,0.5373297002724796,0.0,1.1621187800963082,13.558052434456929,0.0
476558,Preserving Carcasses,Optics,Macromolecular Compositions,RAJAGOPAL BAKTHAVATCHALAM,DAVID A THEISTE,LING YU CHENG,489786.0,348519.0,505208.0,16.0,1.0,0.0,6.0,70.0,0.0,A01N,G02F,C08L,0.9523809552192688,0.1428571492433548,0.1428571492433548,8.597275204359674,0.5373297002724796,0.0,1.1621187800963082,13.558052434456929,0.0
476559,Preserving Carcasses,Optics,Measuring Enzymes,RAJAGOPAL BAKTHAVATCHALAM,DAVID A THEISTE,JUNKO AIMI,489786.0,348519.0,527574.0,16.0,1.0,0.0,6.0,70.0,0.0,A01N,G02F,C12Q,0.9523809552192688,0.1428571492433548,0.4285714328289032,8.597275204359674,0.5373297002724796,0.0,1.1621187800963082,13.558052434456929,0.0
476641,Preserving Carcasses,Optics,Enzyme Compounds,JAMES PETER BECK,DAVID A THEISTE,HIROYUKI NISHIDA,529014.0,348519.0,438330.0,18.0,1.0,0.0,6.0,70.0,2.0,A01N,G02F,C12N,0.9523809552192688,0.1428571492433548,0.2857142984867096,9.671934604904633,0.5373297002724796,0.0,1.1621187800963082,13.558052434456929,0.3873729266987694
476643,Preserving Carcasses,Optics,Animal Feed,JAMES PETER BECK,DAVID A THEISTE,YVES CHEVREMONT,529014.0,348519.0,450953.0,18.0,1.0,0.0,6.0,70.0,1.0,A01N,G02F,A23K,0.9523809552192688,0.1428571492433548,0.190476194024086,9.671934604904633,0.5373297002724796,0.0,1.1621187800963082,13.558052434456929,0.1936864633493847
476644,Preserving Carcasses,Optics,Measuring Enzymes,JAMES PETER BECK,DAVID A THEISTE,GREGORY L VERDINE,529014.0,348519.0,462768.0,18.0,1.0,0.0,6.0,70.0,2.0,A01N,G02F,C12Q,0.9523809552192688,0.1428571492433548,0.4285714328289032,9.671934604904633,0.5373297002724796,0.0,1.1621187800963082,13.558052434456929,0.3873729266987694
476645,Preserving Carcasses,Optics,Non-Metallic Elements,JAMES PETER BECK,DAVID A THEISTE,FUMISATO GOTO,529014.0,348519.0,474772.0,18.0,1.0,0.0,6.0,70.0,2.0,A01N,G02F,C01B,0.9523809552192688,0.1428571492433548,0.3333333432674408,9.671934604904633,0.5373297002724796,0.0,1.1621187800963082,13.558052434456929,0.3873729266987694
476646,Preserving Carcasses,Optics,Non-Metallic Elements,JAMES PETER BECK,DAVID A THEISTE,KOZO TANAKA,529014.0,348519.0,474773.0,18.0,1.0,0.0,6.0,70.0,2.0,A01N,G02F,C01B,0.9523809552192688,0.1428571492433548,0.3333333432674408,9.671934604904633,0.5373297002724796,0.0,1.1621187800963082,13.558052434456929,0.3873729266987694
476647,Preserving Carcasses,Optics,Enzyme Compounds,JAMES PETER BECK,DAVID A THEISTE,YONG HUH,529014.0,348519.0,492001.0,18.0,1.0,0.0,6.0,70.0,0.0,A01N,G02F,C12N,0.9523809552192688,0.1428571492433548,0.2857142984867096,9.671934604904633,0.5373297002724796,0.0,1.1621187800963082,13.558052434456929,0.0
476648,Preserving Carcasses,Optics,Macromolecular Compositions,JAMES PETER BECK,DAVID A THEISTE,LING YU CHENG,529014.0,348519.0,505208.0,18.0,1.0,0.0,6.0,70.0,0.0,A01N,G02F,C08L,0.9523809552192688,0.1428571492433548,0.1428571492433548,9.671934604904633,0.5373297002724796,0.0,1.1621187800963082,13.558052434456929,0.0
476649,Preserving Carcasses,Optics,Measuring Enzymes,JAMES PETER BECK,DAVID A THEISTE,JUNKO AIMI,529014.0,348519.0,527574.0,18.0,1.0,0.0,6.0,70.0,0.0,A01N,G02F,C12Q,0.9523809552192688,0.1428571492433548,0.4285714328289032,9.671934604904633,0.5373297002724796,0.0,1.1621187800963082,13.558052434456929,0.0
478748,Medical Preparations,Measuring Enzymes,Non-Metallic Elements,ASHOK TEHIM,SANDRA SPURGEON,ILKKA TURUNEN,408494.0,309383.0,301113.0,17.0,4.0,0.0,5.0,85.0,2.0,A61K,C12Q,C01B,0.949999988079071,0.4000000059604645,0.30000001192092896,9.144549763033176,2.151658767772512,0.0,0.7583884245977298,12.892603218161407,0.3033553698390919
478750,Medical Preparations,Measuring Enzymes,Analyzing Materials,ASHOK TEHIM,SANDRA SPURGEON,GEORGE R STEPHENSON,408494.0,309383.0,392363.0,17.0,4.0,0.0,5.0,85.0,1.0,A61K,C12Q,G01N,0.949999988079071,0.4000000059604645,0.15000000596046448,9.144549763033176,2.151658767772512,0.0,0.7583884245977298,12.892603218161407,0.15167768491954595
478751,Medical Preparations,Measuring Enzymes,Compounding,ASHOK TEHIM,SANDRA SPURGEON,ERHARD GUENTHER,408494.0,309383.0,406435.0,17.0,4.0,0.0,5.0,85.0,0.0,A61K,C12Q,C08J,0.949999988079071,0.4000000059604645,0.25,9.144549763033176,2.151658767772512,0.0,0.7583884245977298,12.892603218161407,0.0
478752,Medical Preparations,Measuring Enzymes,Animal Feed,ASHOK TEHIM,SANDRA SPURGEON,IZUO AOKI,408494.0,309383.0,406876.0,17.0,4.0,0.0,5.0,85.0,2.0,A61K,C12Q,A23K,0.949999988079071,0.4000000059604645,0.20000000298023224,9.144549763033176,2.151658767772512,0.0,0.7583884245977298,12.892603218161407,0.3033553698390919
478753,Medical Preparations,Measuring Enzymes,Other treatment of Textiles,ASHOK TEHIM,SANDRA SPURGEON,JEAN LUC MURA,408494.0,309383.0,413318.0,17.0,4.0,0.0,5.0,85.0,0.0,A61K,C12Q,D06M,0.949999988079071,0.4000000059604645,0.4000000059604645,9.144549763033176,2.151658767772512,0.0,0.7583884245977298,12.892603218161407,0.0
478754,Medical Preparations,Measuring Enzymes,Analyzing Materials,ASHOK TEHIM,SANDRA SPURGEON,BARRY A SCHOENFELNER,408494.0,309383.0,420553.0,17.0,4.0,0.0,5.0,85.0,6.0,A61K,C12Q,G01N,0.949999988079071,0.4000000059604645,0.15000000596046448,9.144549763033176,2.151658767772512,0.0,0.7583884245977298,12.892603218161407,0.9100661095172757
478755,Medical Preparations,Measuring Enzymes,Peptides,ASHOK TEHIM,SANDRA SPURGEON,YASUSHI SAKAI,408494.0,309383.0,436325.0,17.0,4.0,0.0,5.0,85.0,0.0,A61K,C12Q,C07K,0.949999988079071,0.4000000059604645,0.44999998807907104,9.144549763033176,2.151658767772512,0.0,0.7583884245977298,12.892603218161407,0.0
478756,Medical Preparations,Measuring Enzymes,Peptides,ASHOK TEHIM,SANDRA SPURGEON,TETSUO YOSHIDA,408494.0,309383.0,436326.0,17.0,4.0,0.0,5.0,85.0,0.0,A61K,C12Q,C07K,0.949999988079071,0.4000000059604645,0.44999998807907104,9.144549763033176,2.151658767772512,0.0,0.7583884245977298,12.892603218161407,0.0
478757,Medical Preparations,Measuring Enzymes,Polysaccharides,ASHOK TEHIM,SANDRA SPURGEON,ISABURO AMANO,408494.0,309383.0,446697.0,17.0,4.0,0.0,5.0,85.0,3.0,A61K,C12Q,C08B,0.949999988079071,0.4000000059604645,0.30000001192092896,9.144549763033176,2.151658767772512,0.0,0.7583884245977298,12.892603218161407,0.45503305475863787
478758,Medical Preparations,Measuring Enzymes,Polysaccharides,ASHOK TEHIM,SANDRA SPURGEON,KOJI CHIBA,408494.0,309383.0,446698.0,17.0,4.0,0.0,5.0,85.0,3.0,A61K,C12Q,C08B,0.949999988079071,0.4000000059604645,0.30000001192092896,9.144549763033176,2.151658767772512,0.0,0.7583884245977298,12.892603218161407,0.45503305475863787
478759,Medical Preparations,Measuring Enzymes,Peptides,ASHOK TEHIM,SANDRA SPURGEON,JEAN JACQUES DEBERNARD,408494.0,309383.0,451697.0,17.0,4.0,0.0,5.0,85.0,1.0,A61K,C12Q,C07K,0.949999988079071,0.4000000059604645,0.44999998807907104,9.144549763033176,2.151658767772512,0.0,0.7583884245977298,12.892603218161407,0.15167768491954595
478761,Medical Preparations,Measuring Enzymes,Electrolytic Processes,ASHOK TEHIM,SANDRA SPURGEON,VINOD PARAKKAL MENON,408494.0,309383.0,625024.0,17.0,4.0,0.0,5.0,85.0,0.0,A61K,C12Q,C25B,0.949999988079071,0.4000000059604645,0.3499999940395355,9.144549763033176,2.151658767772512,0.0,0.7583884245977298,12.892603218161407,0.0
478776,Medical Preparations,Measuring Enzymes,Non-Metallic Elements,JIANMIN FU,SANDRA SPURGEON,ILKKA TURUNEN,408495.0,309383.0,301113.0,17.0,4.0,0.0,5.0,85.0,2.0,A61K,C12Q,C01B,0.949999988079071,0.4000000059604645,0.30000001192092896,9.144549763033176,2.151658767772512,0.0,0.7583884245977298,12.892603218161407,0.3033553698390919
478778,Medical Preparations,Measuring Enzymes,Analyzing Materials,JIANMIN FU,SANDRA SPURGEON,GEORGE R STEPHENSON,408495.0,309383.0,392363.0,17.0,4.0,0.0,5.0,85.0,1.0,A61K,C12Q,G01N,0.949999988079071,0.4000000059604645,0.15000000596046448,9.144549763033176,2.151658767772512,0.0,0.7583884245977298,12.892603218161407,0.15167768491954595
478779,Medical Preparations,Measuring Enzymes,Compounding,JIANMIN FU,SANDRA SPURGEON,ERHARD GUENTHER,408495.0,309383.0,406435.0,17.0,4.0,0.0,5.0,85.0,0.0,A61K,C12Q,C08J,0.949999988079071,0.4000000059604645,0.25,9.144549763033176,2.151658767772512,0.0,0.7583884245977298,12.892603218161407,0.0
478780,Medical Preparations,Measuring Enzymes,Animal Feed,JIANMIN FU,SANDRA SPURGEON,IZUO AOKI,408495.0,309383.0,406876.0,17.0,4.0,0.0,5.0,85.0,2.0,A61K,C12Q,A23K,0.949999988079071,0.4000000059604645,0.20000000298023224,9.144549763033176,2.151658767772512,0.0,0.7583884245977298,12.892603218161407,0.3033553698390919
478781,Medical Preparations,Measuring Enzymes,Other treatment of Textiles,JIANMIN FU,SANDRA SPURGEON,JEAN LUC MURA,408495.0,309383.0,413318.0,17.0,4.0,0.0,5.0,85.0,0.0,A61K,C12Q,D06M,0.949999988079071,0.4000000059604645,0.4000000059604645,9.144549763033176,2.151658767772512,0.0,0.7583884245977298,12.892603218161407,0.0
478782,Medical Preparations,Measuring Enzymes,Analyzing Materials,JIANMIN FU,SANDRA SPURGEON,BARRY A SCHOENFELNER,408495.0,309383.0,420553.0,17.0,4.0,0.0,5.0,85.0,6.0,A61K,C12Q,G01N,0.949999988079071,0.4000000059604645,0.15000000596046448,9.144549763033176,2.151658767772512,0.0,0.7583884245977298,12.892603218161407,0.9100661095172757
478783,Medical Preparations,Measuring Enzymes,Peptides,JIANMIN FU,SANDRA SPURGEON,YASUSHI SAKAI,408495.0,309383.0,436325.0,17.0,4.0,0.0,5.0,85.0,0.0,A61K,C12Q,C07K,0.949999988079071,0.4000000059604645,0.44999998807907104,9.144549763033176,2.151658767772512,0.0,0.7583884245977298,12.892603218161407,0.0
478784,Medical Preparations,Measuring Enzymes,Peptides,JIANMIN FU,SANDRA SPURGEON,TETSUO YOSHIDA,408495.0,309383.0,436326.0,17.0,4.0,0.0,5.0,85.0,0.0,A61K,C12Q,C07K,0.949999988079071,0.4000000059604645,0.44999998807907104,9.144549763033176,2.151658767772512,0.0,0.7583884245977298,12.892603218161407,0.0
478785,Medical Preparations,Measuring Enzymes,Polysaccharides,JIANMIN FU,SANDRA SPURGEON,ISABURO AMANO,408495.0,309383.0,446697.0,17.0,4.0,0.0,5.0,85.0,3.0,A61K,C12Q,C08B,0.949999988079071,0.4000000059604645,0.30000001192092896,9.144549763033176,2.151658767772512,0.0,0.7583884245977298,12.892603218161407,0.45503305475863787
478786,Medical Preparations,Measuring Enzymes,Polysaccharides,JIANMIN FU,SANDRA SPURGEON,KOJI CHIBA,408495.0,309383.0,446698.0,17.0,4.0,0.0,5.0,85.0,3.0,A61K,C12Q,C08B,0.949999988079071,0.4000000059604645,0.30000001192092896,9.144549763033176,2.151658767772512,0.0,0.7583884245977298,12.892603218161407,0.45503305475863787
478787,Medical Preparations,Measuring Enzymes,Peptides,JIANMIN FU,SANDRA SPURGEON,JEAN JACQUES DEBERNARD,408495.0,309383.0,451697.0,17.0,4.0,0.0,5.0,85.0,1.0,A61K,C12Q,C07K,0.949999988079071,0.4000000059604645,0.44999998807907104,9.144549763033176,2.151658767772512,0.0,0.7583884245977298,12.892603218161407,0.15167768491954595
478789,Medical Preparations,Measuring Enzymes,Electrolytic Processes,JIANMIN FU,SANDRA SPURGEON,VINOD PARAKKAL MENON,408495.0,309383.0,625024.0,17.0,4.0,0.0,5.0,85.0,0.0,A61K,C12Q,C25B,0.949999988079071,0.4000000059604645,0.3499999940395355,9.144549763033176,2.151658767772512,0.0,0.7583884245977298,12.892603218161407,0.0
478916,Medical Preparations,Measuring Enzymes,Non-Metallic Elements,STEFAN STUTZ,SANDRA SPURGEON,ILKKA TURUNEN,412939.0,309383.0,301113.0,11.0,4.0,0.0,6.0,85.0,2.0,A61K,C12Q,C01B,0.949999988079071,0.4000000059604645,0.30000001192092896,5.917061611374408,2.151658767772512,0.0,0.9100661095172757,12.892603218161407,0.3033553698390919
478918,Medical Preparations,Measuring Enzymes,Analyzing Materials,STEFAN STUTZ,SANDRA SPURGEON,GEORGE R STEPHENSON,412939.0,309383.0,392363.0,11.0,4.0,0.0,6.0,85.0,1.0,A61K,C12Q,G01N,0.949999988079071,0.4000000059604645,0.15000000596046448,5.917061611374408,2.151658767772512,0.0,0.9100661095172757,12.892603218161407,0.15167768491954595
478919,Medical Preparations,Measuring Enzymes,Compounding,STEFAN STUTZ,SANDRA SPURGEON,ERHARD GUENTHER,412939.0,309383.0,406435.0,11.0,4.0,0.0,6.0,85.0,0.0,A61K,C12Q,C08J,0.949999988079071,0.4000000059604645,0.25,5.917061611374408,2.151658767772512,0.0,0.9100661095172757,12.892603218161407,0.0
478920,Medical Preparations,Measuring Enzymes,Animal Feed,STEFAN STUTZ,SANDRA SPURGEON,IZUO AOKI,412939.0,309383.0,406876.0,11.0,4.0,0.0,6.0,85.0,2.0,A61K,C12Q,A23K,0.949999988079071,0.4000000059604645,0.20000000298023224,5.917061611374408,2.151658767772512,0.0,0.9100661095172757,12.892603218161407,0.3033553698390919
478921,Medical Preparations,Measuring Enzymes,Other treatment of Textiles,STEFAN STUTZ,SANDRA SPURGEON,JEAN LUC MURA,412939.0,309383.0,413318.0,11.0,4.0,0.0,6.0,85.0,0.0,A61K,C12Q,D06M,0.949999988079071,0.4000000059604645,0.4000000059604645,5.917061611374408,2.151658767772512,0.0,0.9100661095172757,12.892603218161407,0.0
478922,Medical Preparations,Measuring Enzymes,Analyzing Materials,STEFAN STUTZ,SANDRA SPURGEON,BARRY A SCHOENFELNER,412939.0,309383.0,420553.0,11.0,4.0,0.0,6.0,85.0,6.0,A61K,C12Q,G01N,0.949999988079071,0.4000000059604645,0.15000000596046448,5.917061611374408,2.151658767772512,0.0,0.9100661095172757,12.892603218161407,0.9100661095172757
478923,Medical Preparations,Measuring Enzymes,Peptides,STEFAN STUTZ,SANDRA SPURGEON,YASUSHI SAKAI,412939.0,309383.0,436325.0,11.0,4.0,0.0,6.0,85.0,0.0,A61K,C12Q,C07K,0.949999988079071,0.4000000059604645,0.44999998807907104,5.917061611374408,2.151658767772512,0.0,0.9100661095172757,12.892603218161407,0.0
478924,Medical Preparations,Measuring Enzymes,Peptides,STEFAN STUTZ,SANDRA SPURGEON,TETSUO YOSHIDA,412939.0,309383.0,436326.0,11.0,4.0,0.0,6.0,85.0,0.0,A61K,C12Q,C07K,0.949999988079071,0.4000000059604645,0.44999998807907104,5.917061611374408,2.151658767772512,0.0,0.9100661095172757,12.892603218161407,0.0
478925,Medical Preparations,Measuring Enzymes,Polysaccharides,STEFAN STUTZ,SANDRA SPURGEON,ISABURO AMANO,412939.0,309383.0,446697.0,11.0,4.0,0.0,6.0,85.0,3.0,A61K,C12Q,C08B,0.949999988079071,0.4000000059604645,0.30000001192092896,5.917061611374408,2.151658767772512,0.0,0.9100661095172757,12.892603218161407,0.45503305475863787
478926,Medical Preparations,Measuring Enzymes,Polysaccharides,STEFAN STUTZ,SANDRA SPURGEON,KOJI CHIBA,412939.0,309383.0,446698.0,11.0,4.0,0.0,6.0,85.0,3.0,A61K,C12Q,C08B,0.949999988079071,0.4000000059604645,0.30000001192092896,5.917061611374408,2.151658767772512,0.0,0.9100661095172757,12.892603218161407,0.45503305475863787
478927,Medical Preparations,Measuring Enzymes,Peptides,STEFAN STUTZ,SANDRA SPURGEON,JEAN JACQUES DEBERNARD,412939.0,309383.0,451697.0,11.0,4.0,0.0,6.0,85.0,1.0,A61K,C12Q,C07K,0.949999988079071,0.4000000059604645,0.44999998807907104,5.917061611374408,2.151658767772512,0.0,0.9100661095172757,12.892603218161407,0.15167768491954595
478929,Medical Preparations,Measuring Enzymes,Electrolytic Processes,STEFAN STUTZ,SANDRA SPURGEON,VINOD PARAKKAL MENON,412939.0,309383.0,625024.0,11.0,4.0,0.0,6.0,85.0,0.0,A61K,C12Q,C25B,0.949999988079071,0.4000000059604645,0.3499999940395355,5.917061611374408,2.151658767772512,0.0,0.9100661095172757,12.892603218161407,0.0
479028,Medical Preparations,Measuring Enzymes,Non-Metallic Elements,JEAN FERNAND ARMAND LACRAMPE,SANDRA SPURGEON,ILKKA TURUNEN,421036.0,309383.0,301113.0,13.0,4.0,0.0,5.0,85.0,2.0,A61K,C12Q,C01B,0.949999988079071,0.4000000059604645,0.30000001192092896,6.992890995260664,2.151658767772512,0.0,0.7583884245977298,12.892603218161407,0.3033553698390919
479030,Medical Preparations,Measuring Enzymes,Analyzing Materials,JEAN FERNAND ARMAND LACRAMPE,SANDRA SPURGEON,GEORGE R STEPHENSON,421036.0,309383.0,392363.0,13.0,4.0,0.0,5.0,85.0,1.0,A61K,C12Q,G01N,0.949999988079071,0.4000000059604645,0.15000000596046448,6.992890995260664,2.151658767772512,0.0,0.7583884245977298,12.892603218161407,0.15167768491954595
479031,Medical Preparations,Measuring Enzymes,Compounding,JEAN FERNAND ARMAND LACRAMPE,SANDRA SPURGEON,ERHARD GUENTHER,421036.0,309383.0,406435.0,13.0,4.0,0.0,5.0,85.0,0.0,A61K,C12Q,C08J,0.949999988079071,0.4000000059604645,0.25,6.992890995260664,2.151658767772512,0.0,0.7583884245977298,12.892603218161407,0.0
479032,Medical Preparations,Measuring Enzymes,Animal Feed,JEAN FERNAND ARMAND LACRAMPE,SANDRA SPURGEON,IZUO AOKI,421036.0,309383.0,406876.0,13.0,4.0,0.0,5.0,85.0,2.0,A61K,C12Q,A23K,0.949999988079071,0.4000000059604645,0.20000000298023224,6.992890995260664,2.151658767772512,0.0,0.7583884245977298,12.892603218161407,0.3033553698390919
479033,Medical Preparations,Measuring Enzymes,Other treatment of Textiles,JEAN FERNAND ARMAND LACRAMPE,SANDRA SPURGEON,JEAN LUC MURA,421036.0,309383.0,413318.0,13.0,4.0,0.0,5.0,85.0,0.0,A61K,C12Q,D06M,0.949999988079071,0.4000000059604645,0.4000000059604645,6.992890995260664,2.151658767772512,0.0,0.7583884245977298,12.892603218161407,0.0
479034,Medical Preparations,Measuring Enzymes,Analyzing Materials,JEAN FERNAND ARMAND LACRAMPE,SANDRA SPURGEON,BARRY A SCHOENFELNER,421036.0,309383.0,420553.0,13.0,4.0,0.0,5.0,85.0,6.0,A61K,C12Q,G01N,0.949999988079071,0.4000000059604645,0.15000000596046448,6.992890995260664,2.151658767772512,0.0,0.7583884245977298,12.892603218161407,0.9100661095172757
479035,Medical Preparations,Measuring Enzymes,Peptides,JEAN FERNAND ARMAND LACRAMPE,SANDRA SPURGEON,YASUSHI SAKAI,421036.0,309383.0,436325.0,13.0,4.0,0.0,5.0,85.0,0.0,A61K,C12Q,C07K,0.949999988079071,0.4000000059604645,0.44999998807907104,6.992890995260664,2.151658767772512,0.0,0.7583884245977298,12.892603218161407,0.0
479036,Medical Preparations,Measuring Enzymes,Peptides,JEAN FERNAND ARMAND LACRAMPE,SANDRA SPURGEON,TETSUO YOSHIDA,421036.0,309383.0,436326.0,13.0,4.0,0.0,5.0,85.0,0.0,A61K,C12Q,C07K,0.949999988079071,0.4000000059604645,0.44999998807907104,6.992890995260664,2.151658767772512,0.0,0.7583884245977298,12.892603218161407,0.0
479037,Medical Preparations,Measuring Enzymes,Polysaccharides,JEAN FERNAND ARMAND LACRAMPE,SANDRA SPURGEON,ISABURO AMANO,421036.0,309383.0,446697.0,13.0,4.0,0.0,5.0,85.0,3.0,A61K,C12Q,C08B,0.949999988079071,0.4000000059604645,0.30000001192092896,6.992890995260664,2.151658767772512,0.0,0.7583884245977298,12.892603218161407,0.45503305475863787
479038,Medical Preparations,Measuring Enzymes,Polysaccharides,JEAN FERNAND ARMAND LACRAMPE,SANDRA SPURGEON,KOJI CHIBA,421036.0,309383.0,446698.0,13.0,4.0,0.0,5.0,85.0,3.0,A61K,C12Q,C08B,0.949999988079071,0.4000000059604645,0.30000001192092896,6.992890995260664,2.151658767772512,0.0,0.7583884245977298,12.892603218161407,0.45503305475863787
479039,Medical Preparations,Measuring Enzymes,Peptides,JEAN FERNAND ARMAND LACRAMPE,SANDRA SPURGEON,JEAN JACQUES DEBERNARD,421036.0,309383.0,451697.0,13.0,4.0,0.0,5.0,85.0,1.0,A61K,C12Q,C07K,0.949999988079071,0.4000000059604645,0.44999998807907104,6.992890995260664,2.151658767772512,0.0,0.7583884245977298,12.892603218161407,0.15167768491954595
479041,Medical Preparations,Measuring Enzymes,Electrolytic Processes,JEAN FERNAND ARMAND LACRAMPE,SANDRA SPURGEON,VINOD PARAKKAL MENON,421036.0,309383.0,625024.0,13.0,4.0,0.0,5.0,85.0,0.0,A61K,C12Q,C25B,0.949999988079071,0.4000000059604645,0.3499999940395355,6.992890995260664,2.151658767772512,0.0,0.7583884245977298,12.892603218161407,0.0
479224,Carbocyclic Compounds,Measuring Enzymes,Non-Metallic Elements,UWE STELZER,SANDRA SPURGEON,ILKKA TURUNEN,440834.0,309383.0,301113.0,17.0,4.0,0.0,2.0,85.0,2.0,C07C,C12Q,C01B,1.0,0.4000000059604645,0.30000001192092896,9.144549763033176,2.151658767772512,0.0,0.3033553698390919,12.892603218161407,0.3033553698390919
479226,Carbocyclic Compounds,Measuring Enzymes,Analyzing Materials,UWE STELZER,SANDRA SPURGEON,GEORGE R STEPHENSON,440834.0,309383.0,392363.0,17.0,4.0,0.0,2.0,85.0,1.0,C07C,C12Q,G01N,1.0,0.4000000059604645,0.15000000596046448,9.144549763033176,2.151658767772512,0.0,0.3033553698390919,12.892603218161407,0.15167768491954595
479227,Carbocyclic Compounds,Measuring Enzymes,Compounding,UWE STELZER,SANDRA SPURGEON,ERHARD GUENTHER,440834.0,309383.0,406435.0,17.0,4.0,0.0,2.0,85.0,0.0,C07C,C12Q,C08J,1.0,0.4000000059604645,0.25,9.144549763033176,2.151658767772512,0.0,0.3033553698390919,12.892603218161407,0.0
479228,Carbocyclic Compounds,Measuring Enzymes,Animal Feed,UWE STELZER,SANDRA SPURGEON,IZUO AOKI,440834.0,309383.0,406876.0,17.0,4.0,0.0,2.0,85.0,2.0,C07C,C12Q,A23K,1.0,0.4000000059604645,0.20000000298023224,9.144549763033176,2.151658767772512,0.0,0.3033553698390919,12.892603218161407,0.3033553698390919
479229,Carbocyclic Compounds,Measuring Enzymes,Other treatment of Textiles,UWE STELZER,SANDRA SPURGEON,JEAN LUC MURA,440834.0,309383.0,413318.0,17.0,4.0,0.0,2.0,85.0,0.0,C07C,C12Q,D06M,1.0,0.4000000059604645,0.4000000059604645,9.144549763033176,2.151658767772512,0.0,0.3033553698390919,12.892603218161407,0.0
479230,Carbocyclic Compounds,Measuring Enzymes,Analyzing Materials,UWE STELZER,SANDRA SPURGEON,BARRY A SCHOENFELNER,440834.0,309383.0,420553.0,17.0,4.0,0.0,2.0,85.0,6.0,C07C,C12Q,G01N,1.0,0.4000000059604645,0.15000000596046448,9.144549763033176,2.151658767772512,0.0,0.3033553698390919,12.892603218161407,0.9100661095172757
479231,Carbocyclic Compounds,Measuring Enzymes,Peptides,UWE STELZER,SANDRA SPURGEON,YASUSHI SAKAI,440834.0,309383.0,436325.0,17.0,4.0,0.0,2.0,85.0,0.0,C07C,C12Q,C07K,1.0,0.4000000059604645,0.44999998807907104,9.144549763033176,2.151658767772512,0.0,0.3033553698390919,12.892603218161407,0.0
479232,Carbocyclic Compounds,Measuring Enzymes,Peptides,UWE STELZER,SANDRA SPURGEON,TETSUO YOSHIDA,440834.0,309383.0,436326.0,17.0,4.0,0.0,2.0,85.0,0.0,C07C,C12Q,C07K,1.0,0.4000000059604645,0.44999998807907104,9.144549763033176,2.151658767772512,0.0,0.3033553698390919,12.892603218161407,0.0
479233,Carbocyclic Compounds,Measuring Enzymes,Polysaccharides,UWE STELZER,SANDRA SPURGEON,ISABURO AMANO,440834.0,309383.0,446697.0,17.0,4.0,0.0,2.0,85.0,3.0,C07C,C12Q,C08B,1.0,0.4000000059604645,0.30000001192092896,9.144549763033176,2.151658767772512,0.0,0.3033553698390919,12.892603218161407,0.45503305475863787
479234,Carbocyclic Compounds,Measuring Enzymes,Polysaccharides,UWE STELZER,SANDRA SPURGEON,KOJI CHIBA,440834.0,309383.0,446698.0,17.0,4.0,0.0,2.0,85.0,3.0,C07C,C12Q,C08B,1.0,0.4000000059604645,0.30000001192092896,9.144549763033176,2.151658767772512,0.0,0.3033553698390919,12.892603218161407,0.45503305475863787
479235,Carbocyclic Compounds,Measuring Enzymes,Peptides,UWE STELZER,SANDRA SPURGEON,JEAN JACQUES DEBERNARD,440834.0,309383.0,451697.0,17.0,4.0,0.0,2.0,85.0,1.0,C07C,C12Q,C07K,1.0,0.4000000059604645,0.44999998807907104,9.144549763033176,2.151658767772512,0.0,0.3033553698390919,12.892603218161407,0.15167768491954595
479237,Carbocyclic Compounds,Measuring Enzymes,Electrolytic Processes,UWE STELZER,SANDRA SPURGEON,VINOD PARAKKAL MENON,440834.0,309383.0,625024.0,17.0,4.0,0.0,2.0,85.0,0.0,C07C,C12Q,C25B,1.0,0.4000000059604645,0.3499999940395355,9.144549763033176,2.151658767772512,0.0,0.3033553698390919,12.892603218161407,0.0
