Class_ID,Patent_Count,Agent_Count,Immigrant_Count,Patent_Count_log10,Agent_Count_log10,Immigrant_Count_log10,Description,IPC4,Id
0,4111,4349,1450,3.61394747678035,3.638389407665336,3.161368002234975,Agricultural Machinery,A01B,A01B
1,2399,2806,805,3.380030247967831,3.448087666692341,2.9057958803678687,Working Soil,A01C,A01C
2,7254,7015,1704,3.8605775512444156,3.846027675364379,3.2314695904306814,Harvesting; Mowing,A01D,A01D
3,1030,1141,429,3.012837224705172,3.0572856444182146,2.632457292184724,Threshing,A01F,A01F
4,5208,6011,1451,3.7166709755601355,3.778946727968617,3.161667412437736,Horticulture,A01G,A01G
5,5794,4491,1464,3.762978490867743,3.652343055062715,3.165541076722373,New Plant Cultivation,A01H,A01H
6,1004,1128,367,3.0017337128090005,3.0523090996473234,2.5646660642520893,Dairy,A01J,A01J
7,16990,17983,3266,4.230193378869045,4.254862144280603,3.5140161804006493,Animal Care,A01K,A01K
8,394,522,255,2.595496221825574,2.717670503002262,2.406540180433955,Animal Shoeing,A01L,A01L
9,2691,3039,634,3.4299136977637543,3.482730700079943,2.8020892578817325,Catching Animals,A01M,A01M
10,22720,32270,16323,4.356408327038981,4.508798965403905,4.212799980625567,Preserving Carcasses,A01N,A01N
11,14,27,18,1.146128035678238,1.4313637641589874,1.255272505103306,Biocides,A01P,A01P
12,765,1257,612,2.8836614351536176,3.0993352776859577,2.7867514221455614,Baking Equipment,A21B,A21B
13,979,1197,418,2.9907826918031377,3.0780941504064105,2.621176281775035,Dough working Machines,A21C,A21C
14,1641,2674,959,3.215108581053093,3.4271614029259654,2.9818186071706636,Preservation of baked products,A21D,A21D
15,616,798,218,2.7895807121644256,2.9020028913507296,2.3384564936046046,Slaughtering Animals,A22B,A22B
16,3087,3091,641,3.4895366294820955,3.490099005063305,2.8068580295188172,Meat Processing,A22C,A22C
17,1378,2328,933,3.139249217571607,3.3669829759778507,2.9698816437465,Food Preservation,A23B,A23B
18,1644,2819,886,3.215901813204032,3.4500950758716025,2.9474337218870508,Dairy Products,A23C,A23C
19,1017,1640,580,3.0073209529227447,3.214843848047698,2.7634279935629373,Fats & Oils,A23D,A23D
20,703,1060,379,2.846955325019824,3.0253058652647704,2.578639209968072,Hot Caffeinated Beverages,A23F,A23F
21,2257,2901,913,3.353531559077762,3.4625477288026643,2.960470777534299,Cocoa or Confections Products,A23G,A23G
22,1130,2024,747,3.05307844348342,3.3062105081677613,2.873320601815399,Protein Compositions,A23J,A23J
23,1359,2183,699,3.1332194567324945,3.339053735709139,2.8444771757456815,Animal Feed,A23K,A23K
24,8230,12267,3685,3.91539983521227,4.088738365273999,3.56643749219507,Food,A23L,A23L
25,848,945,245,2.9283958522567137,2.975431808509263,2.3891660843645326,Fruit & Vegetable Processing,A23N,A23N
26,527,931,440,2.7218106152125467,2.9689496809813427,2.6434526764861874,Working of Foods,A23P,A23P
27,1222,1494,471,3.0870712059065353,3.17435059747938,2.673020907128896,Tobacco Preparation,A24B,A24B
28,978,921,369,2.9903388547876015,2.964259630196849,2.56702636615906,Cigarette Manufacturing,A24C,A24C
29,855,1031,392,2.931966114728173,3.0132586652835167,2.593286067020457,Cigarette filters/mouthpieces,A24D,A24D
30,1162,1546,515,3.065206128054312,3.189209489582306,2.711807229041191,smoking accessories,A24F,A24F
31,1529,1759,394,3.1844074854123203,3.245265839457461,2.595496221825574,Undergarments,A41B,A41B
32,796,824,114,2.900913067737669,2.9159272116971158,2.0569048513364727,Feminine Undergarments,A41C,A41C
33,5443,5959,1165,3.735838334317074,3.775173385424787,3.0663259253620376,Outerwear,A41D,A41D
34,457,557,201,2.6599162000698504,2.745855195173729,2.303196057420489,Garment Fasteners,A41F,A41F
35,443,482,90,2.6464037262230695,2.6830470382388496,1.9542425094393248,Artificial fiber accessories,A41G,A41G
36,554,653,215,2.74350976472843,2.814913181275074,2.3324384599156054,Sewing Equipment,A41H,A41H
37,2339,2478,534,3.3690302218091532,3.3941013020400446,2.727541257028556,Head Coverings,A42B,A42B
38,188,216,71,2.27415784926368,2.3344537511509307,1.8512583487190752,Head Covering Manufacturing,A42C,A42C
39,5399,4576,831,3.7323133274712426,3.6604860157849677,2.919601023784111,Footwear,A43B,A43B
40,757,796,270,2.8790958795000727,2.900913067737669,2.4313637641589874,Fabric Footwear fasteners,A43C,A43C
41,536,611,186,2.72916478969277,2.786041210242554,2.2695129442179165,Footwear Manufacturing,A43D,A43D
42,4902,4891,1696,3.690373306916059,3.6893976628212823,3.229425847920695,Metal Footwear fasteners,A44B,A44B
43,1614,1724,315,3.2079035303860515,3.236537261488694,2.4983105537896004,Jewelry,A44C,A44C
44,1334,1203,232,3.12515582958053,3.0802656273398448,2.3654879848909,"Walking Sticks, Umbrellas",A45B,A45B
45,3075,3389,813,3.4878451201114355,3.530071568837378,2.910090545594068,Carried Bags,A45C,A45C
46,4673,4811,1140,3.6695957810243134,3.6822353569025643,3.0569048513364727,Hair care/trimming tools,A45D,A45D
47,2498,2795,554,3.3975924340381165,3.446381812222442,2.74350976472843,Hiking Pack,A45F,A45F
48,3468,4063,1326,3.540079088804173,3.6088468223264116,3.1225435240687545,Brushes,A46B,A46B
49,260,282,136,2.4149733479708178,2.450249108319361,2.1335389083702174,Brush Manufacturing,A46D,A46D
50,11524,13996,4414,4.061603249608376,4.146003933810869,3.644832328825636,Furniture,A47B,A47B
51,13503,13921,3411,4.1304302676581415,4.14367043347016,3.5328817194073974,Chairs,A47C,A47C
52,1361,1503,437,3.133858125203335,3.176958980586908,2.640481436970422,Children's Furniture,A47D,A47D
53,7859,9196,2729,3.895367288773362,3.9635989625972416,3.4360035356698964,Specialized Furniture,A47F,A47F
54,7495,8714,2629,3.874771637184298,3.940217555599735,3.419790586106363,Tables,A47G,A47G
55,1546,1787,569,3.189209489582306,3.252124552505644,2.7551122663950713,Window Furnishings,A47H,A47H
56,6578,7424,2102,3.8180938691466357,3.8706379632108057,3.3226327116922234,Small Kitchen Appliances,A47J,A47J
57,4663,5659,1433,3.668665415454492,3.752739693935328,3.1562461903973444,Sanitation Equipment,A47K,A47K
58,6692,7425,2216,3.825555932290357,3.8706964579892498,3.345569756056392,Domestic Cleaning,A47L,A47L
59,61378,55745,16808,4.78801273285574,4.7462059197957,4.225516039397896,Medical Diagnostics,A61B,A61B
60,9297,8171,1836,3.9683428309589455,3.9122752104988123,3.2638726768652235,Dentistry,A61C,A61C
61,393,567,250,2.5943925503754266,2.7535830588929064,2.3979400086720375,Veterinary medicine,A61D,A61D
62,34580,33523,10838,4.538824988937904,4.525342877056865,4.0349491466763725,Medical Implants/Bandages,A61F,A61F
63,4131,4992,1481,3.6160551949765862,3.6982745766743674,3.1705550585212086,Individual Medical Transport,A61G,A61G
64,3988,4769,1466,3.600755149639618,3.6784273224338673,3.166133970305109,Physical Therapy,A61H,A61H
65,1080,1534,587,3.03342375548695,3.185825359612962,2.7686381012476144,Medical Containers,A61J,A61J
66,112844,123285,36984,5.052478472264774,5.090910239503154,4.568013880430025,Medical Preparations,A61K,A61K
67,4459,6961,3382,3.6492374723496073,3.8426716337607885,3.529173603261723,Sterilization,A61L,A61L
68,29740,27512,8773,4.473340964185935,4.439522162813957,3.943148129358563,Syringes/Swabs,A61M,A61M
69,13365,11804,4344,4.125968963092556,4.072029200827922,3.6378898165807905,Field/Wave Therapy,A61N,A61N
70,441,1350,1054,2.6444385894678386,3.130333768495006,3.022840610876528,Therapeutic Compounds,A61P,A61P
71,600,999,598,2.7781512503836434,2.9995654882259823,2.776701183988411,Cosmetics,A61Q,A61Q
72,3901,4558,1662,3.5911759503117913,3.6587743208443566,3.220631019448092,Life-saving Devices,A62B,A62B
73,2299,2855,965,3.361538971269279,3.455606112581867,2.9845273133437926,Fire-Fighting,A62C,A62C
74,810,1682,827,2.9084850188786495,3.2258259914618934,2.9175055095525466,Fire Extinguishers,A62D,A62D
75,28182,23791,3786,4.449971810566892,4.376412696991217,3.5781806096277777,Physical Exercise Equipment,A63B,A63B
76,4662,3752,631,3.668572269184558,3.5742628297070267,2.8000293592441343,Skates and Skis,A63C,A63C
77,905,1007,210,2.9566485792052033,3.003029470553618,2.322219294733919,Bowling Games,A63D,A63D
78,12067,11859,2103,4.081599312732936,4.074048069062633,3.322839272686321,Board & Video Games,A63F,A63F
79,1227,1350,360,3.0888445627270045,3.130333768495006,2.5563025007672873,Playgrounds,A63G,A63G
80,7577,7049,1532,3.8794972872494284,3.848127510567875,3.1852587652965854,Toys,A63H,A63H
81,287,378,114,2.4578818967339924,2.577491799837225,2.0569048513364727,Theatrical Props,A63J,A63J
82,80,122,42,1.9030899869919435,2.0863598306747484,1.6232492903979006,Racing/Riding Sports,A63K,A63K
83,90,166,105,1.9542425094393248,2.220108088040055,2.0211892990699383,Boiling; Boiling Apparatus,B01B,B01B
84,44620,58293,21101,4.649529565947819,4.765616406493218,4.3243030374868345,Separation,B01D,B01D
85,8532,12188,5048,3.9310508467773912,4.085932445550636,3.703119346236078,Mixing,B01F,B01F
86,19910,29233,14468,4.29907126002741,4.465873386571601,4.1604085000895825,Laboratory Processes,B01J,B01J
87,2253,3950,2143,3.3527611917238307,3.59659709562646,3.3310221710418286,Laboratory Equipment,B01L,B01L
88,258,393,197,2.41161970596323,2.5943925503754266,2.294466226161593,Grain Preparation,B02B,B02B
89,6815,8570,2541,3.8334658601706924,3.932980821923198,3.4050046650503694,Pulverizing Grain,B02C,B02C
90,994,1504,609,2.997386384397313,3.1772478362556233,2.784617292632875,Liquid Separation,B03B,B03B
91,2123,2902,1129,3.326949994165999,3.4626974081017172,3.052693941924968,Magnetic Separation,B03C,B03C
92,931,1185,385,2.9689496809813427,3.0737183503461227,2.5854607295085006,Differential Sedimentation,B03D,B03D
93,1749,1826,588,3.2427898094786767,3.2615007731982804,2.7693773260761385,Centrifuges,B04B,B04B
94,300,471,226,2.4771212547196626,2.673020907128896,2.3541084391474008,Cyclones,B04C,B04C
95,11138,13729,5504,4.04680721355374,4.137638905022756,3.740678425227455,Spray Nozzles,B05B,B05B
96,6187,9755,4694,3.7914801160200007,3.989227273730537,3.6715430852625737,Fluid Dispenser,B05C,B05C
97,19211,34768,20080,4.283549972002684,4.54117970897645,4.302763708472982,Fluid Application,B05D,B05D
98,394,720,383,2.595496221825574,2.8573324964312685,2.583198773968623,Vibration Generation,B06B,B06B
99,1910,2361,823,3.2810333672477277,3.373095987078727,2.91539983521227,Sifting,B07B,B07B
100,2293,3594,1397,3.3604040547299387,3.555578072772955,3.1451964061141817,Parcel Sorting,B07C,B07C
101,10050,14757,6301,4.002166061756507,4.168998077278994,3.799409479615127,Cleaning,B08B,B08B
102,862,1438,635,2.9355072658247128,3.1577588860468637,2.8027737252919755,Disposal of Waste,B09B,B09B
103,197,355,149,2.294466226161593,2.550228353055094,2.173186268412274,Working Soil,B09C,B09C
104,3387,4985,1675,3.5298151966446305,3.6976651626476746,3.224014811372864,Rolling Metal,B21B,B21B
105,1541,2493,1026,3.1878026387184195,3.3967222785037734,3.0111473607757975,Extruding/Pressing Metal,B21C,B21C
106,10824,14762,6346,4.034387783589566,4.169145200991198,3.8025000677643934,Sheet Metal,B21D,B21D
107,1896,2384,874,3.2778383330020473,3.377306251068199,2.941511432634403,Metal Wire,B21F,B21F
108,99,138,84,1.99563519459755,2.1398790864012365,1.9242792860618816,Metal Pins,B21G,B21G
109,512,764,287,2.709269960975831,2.8830933585756897,2.4578818967339924,Rolled Metal Objects,B21H,B21H
110,1560,2248,958,3.1931245983544616,3.3517963068970236,2.9813655090785445,Forging,B21J,B21J
111,1372,2306,1244,3.137354111370733,3.36285930295868,3.0948203803548,Forged Products,B21K,B21K
112,260,278,71,2.4149733479708178,2.444044795918076,1.8512583487190752,Making Metal Chains,B21L,B21L
113,1890,2520,897,3.2764618041732443,3.401400540781544,2.952792443044092,Foundry Molding,B22C,B22C
114,7210,9916,3043,3.857935264719429,3.996336518095784,3.483301952358167,Metal Casting,B22D,B22D
115,4628,7796,3699,3.665393350279712,3.891871830445584,3.568084331315394,Metallic Power Manufacturing,B22F,B22F
116,8992,10370,3474,3.953856298224986,4.015778756389041,3.54082981411108,Turning,B23B,B23B
117,2428,3251,1265,3.38524868240322,3.5120169694961265,3.1020905255118367,Milling,B23C,B23C
118,2633,3361,1351,3.4204508591060683,3.5264685124694775,3.130655349022031,Metalwork,B23D,B23D
119,464,680,262,2.6665179805548807,2.832508912706236,2.4183012913197452,Cutting Gears,B23F,B23F
120,321,394,157,2.506505032404872,2.595496221825574,2.1958996524092336,Thread Cutting,B23G,B23G
121,1365,1696,697,3.1351326513767748,3.229425847920695,2.8432327780980096,Welding,B23H,B23H
122,18228,26277,9750,4.260739019910411,4.419575781062139,3.989004615698537,Soldering,B23K,B23K
123,12497,19308,9839,4.096805769822717,4.285737290146654,3.9929509605704463,Other Metal Tools,B23P,B23P
124,5087,7273,3147,3.7064617376313547,3.861713587571434,3.49789674291322,Machine Tools,B23Q,B23Q
125,11599,13556,4882,4.064420548433594,4.132131560165341,3.6885977750811696,Grinders/Sanders/Polishers,B24B,B24B
126,1060,1408,481,3.0253058652647704,3.1486026548060932,2.682145076373832,Abrasive Blasting,B24C,B24C
127,1990,2676,1214,3.2988530764097064,3.4274861090957853,3.0842186867392387,Sharpening Tools,B24D,B24D
128,9014,9276,2910,3.954917553734959,3.9673607399659496,3.4638929889859074,Clamps/Vices,B25B,B25B
129,2236,2060,672,3.3494717992143856,3.3138672203691533,2.8273692730538253,Staplers,B25C,B25C
130,1242,1610,657,3.0941215958405612,3.2068258760318495,2.8175653695597807,Percussive Tools,B25D,B25D
131,656,923,369,2.8169038393756605,2.965201701025912,2.56702636615906,Combination Tools,B25F,B25F
132,1836,2441,1128,3.2638726768652235,3.387567779417189,3.0523090996473234,Tool Handles,B25G,B25G
133,381,451,124,2.5809249756756194,2.6541765418779604,2.093421685162235,Workshop Equipment,B25H,B25H
134,2512,3863,1680,3.4000196350651586,3.5869247081448203,3.225309281725863,Manipulators,B25J,B25J
135,4869,4856,1366,3.6874397745458944,3.686278678067201,3.1354506993455136,Hand tools,B26B,B26B
136,5954,7452,3048,3.774808830310706,3.872272846224205,3.4840149626675627,Cutting Tools,B26D,B26D
137,1549,1997,865,3.190051417759206,3.3003780648707024,2.9370161074648142,Perforation,B26F,B26F
138,2303,2599,850,3.362293937964231,3.4148062795010126,2.929418925714293,Wood Saws,B27B,B27B
139,1133,1185,381,3.0542299098633974,3.0737183503461227,2.5809249756756194,Woodworking Machines,B27C,B27C
140,125,196,105,2.0969100130080562,2.292256071356476,2.0211892990699383,Pressing Wood,B27D,B27D
141,523,683,304,2.718501688867274,2.8344207036815323,2.482873583608754,Slotting Machines,B27F,B27F
142,472,604,258,2.673941998634088,2.7810369386211318,2.41161970596323,Woodwork Tools,B27G,B27G
143,59,86,35,1.7708520116421442,1.9344984512435677,1.5440680443502757,Bending Wood,B27H,B27H
144,57,103,51,1.7558748556724915,2.012837224705172,1.7075701760979363,Working of Cane/Cork,B27J,B27J
145,108,210,102,2.03342375548695,2.322219294733919,2.0086001717619175,Dyeing Wood,B27K,B27K
146,780,832,188,2.8920946026904804,2.920123326290724,2.27415784926368,Bark Removal,B27L,B27L
147,297,384,136,2.4727564493172123,2.584331224367531,2.1335389083702174,Other Woodworking,B27M,B27M
148,525,978,572,2.720159303405957,2.9903388547876015,2.7573960287930244,Drying Wood,B27N,B27N
149,3245,5301,2506,3.511214701136388,3.7243578042264267,3.398981066658131,Shaping Clay,B28B,B28B
150,755,927,314,2.8779469516291885,2.967079734144497,2.496929648073215,Clay Production,B28C,B28C
151,1000,1253,440,3.0,3.09795107099415,2.6434526764861874,Masonry; Equipment,B28D,B28D
152,2048,3659,1922,3.3113299523037933,3.5633624094866074,3.2837533833325265,Material Preparation,B29B,B29B
153,28142,38180,17352,4.4493549587027985,4.581835924057648,4.239349539006136,Shaping Plastic,B29C,B29C
154,6797,10611,5476,3.8323172699222616,4.025756314534414,3.7384634394619525,Plastic Production,B29D,B29D
155,14,34,23,1.146128035678238,1.5314789170422551,1.3617278360175928,Indexing Molding Materials,B29K,B29K
156,24,40,31,1.380211241711606,1.6020599913279625,1.4913616938342726,Indexing Molded Material,B29L,B29L
157,3634,4474,1681,3.5603849229720157,3.6506959797606107,3.225567713439471,Presses,B30B,B30B
158,2668,3338,1600,3.426185825244511,3.5234863323432277,3.204119982655925,Cardboard Boxes,B31B,B31B
159,303,514,279,2.481442628502305,2.710963118995276,2.4456042032735974,Wound Tubes,B31C,B31C
160,167,265,149,2.2227164711475833,2.423245873936808,2.173186268412274,Other Paper products,B31D,B31D
161,1446,2093,1080,3.160168292958512,3.3207692283386865,3.03342375548695,Shaping Cardboard,B31F,B31F
162,53974,80588,39506,4.732184604716226,4.906270377763196,4.596663059398741,Layered Products,B32B,B32B
163,608,1087,747,2.783903579272735,3.0362295440862948,2.873320601815399,Type Printing Machines,B41B,B41B
164,559,840,519,2.747411807886423,2.9242792860618816,2.7151673578484576,Printing Surface Manufacturing,B41C,B41C
165,31,52,27,1.4913616938342726,1.7160033436347992,1.4313637641589874,Print Surface Machines,B41D,B41D
166,7100,6982,2295,3.8512583487190755,3.84397984447816,3.36078268987328,Printing Presses,B41F,B41F
167,18,27,14,1.255272505103306,1.4313637641589874,1.146128035678238,Border Printing/Perforation,B41G,B41G
168,31349,23405,10123,4.496223691852267,4.369308645463461,4.005309236848516,Mechanical Typography,B41J,B41J
169,315,370,166,2.4983105537896004,2.568201724066995,2.220108088040055,Stamps,B41K,B41K
170,1301,1709,901,3.1142772965615864,3.232742062720737,2.954724790979063,Automated Duplication,B41L,B41L
171,5127,5910,3106,3.709863317440399,3.7715874808812555,3.49220145139254,Duplication Process,B41M,B41M
172,454,754,506,2.6570558528571038,2.877371345869774,2.7041505168397992,Printing Plates,B41N,B41N
173,455,687,355,2.6580113966571126,2.8369567370595505,2.550228353055094,Attaching Sheets,B42B,B42B
174,585,800,428,2.7671558660821804,2.9030899869919438,2.6314437690131722,Bookbinding,B42C,B42C
175,3018,3468,1024,3.479719235439571,3.540079088804173,3.010299956639812,Book Covers,B42D,B42D
176,1603,1724,548,3.204933522354145,3.236537261488694,2.738780558484369,Filing,B42F,B42F
177,2255,2421,727,3.3531465462139796,3.383994789441733,2.8615344108590377,Writing/Drawing Instruments,B43K,B43K
178,1579,1851,511,3.1983821300082944,3.267406418752904,2.708420900134713,Writing/Drawing Surfaces,B43L,B43L
179,226,364,195,2.3541084391474008,2.561101383649056,2.290034611362518,Stapling Devices,B43M,B43M
180,88,153,70,1.9444826721501687,2.184691430817599,1.845098040014257,Ornamental Work Tools,B44B,B44B
181,3160,6246,3882,3.499687082618404,3.7956019798941796,3.589055531052344,Ornamental Work,B44C,B44C
182,365,541,195,2.5622928644564746,2.7331972651065692,2.290034611362518,Other Artistic Work,B44D,B44D
183,239,312,125,2.3783979009481375,2.494154594018443,2.0969100130080562,Special Designs; Pictures,B44F,B44F
184,3297,3836,1360,3.518118947143153,3.583878598498626,3.1335389083702174,Vehicle Wheels,B60B,B60B
185,6482,6191,1867,3.811709026696191,3.791760804012905,3.2711443179490782,Vehicle Tires,B60C,B60C
186,2178,2650,820,3.3380578754197563,3.423245873936808,2.9138138523837167,Vehicle Connections,B60D,B60D
187,316,500,246,2.499687082618404,2.6989700043360187,2.3909351071033793,Amphibious Vehicles,B60F,B60F
188,4390,5252,1966,3.6424645202421213,3.7203247174174416,3.2935835134961167,Vehicle Suspension,B60G,B60G
189,2377,3538,1425,3.3760291817281805,3.5487578285737045,3.153814864344529,Vehicle Ventilation System,B60H,B60H
190,6594,8095,2421,3.8191489428071344,3.9082168530893924,3.383994789441733,Vehicle Doors/Windows,B60J,B60J
191,11373,14063,6802,4.055875039146097,4.148077976762506,3.8326366275967034,Engine Mounts,B60K,B60K
192,1909,3288,1823,3.280805928393667,3.5169318088680126,3.2607866686549762,Electrical Propulsion,B60L,B60L
193,186,218,59,2.2695129442179165,2.3384564936046046,1.7708520116421442,Power Supply Rails,B60M,B60M
194,4043,5436,2016,3.6067037413336744,3.7352794480604565,3.3044905277734875,Vehicle Furniture,B60N,B60N
195,6952,7820,1969,3.84210976344061,3.893206753059848,3.2942457161381182,Transportation Vehicles,B60P,B60P
196,6530,9028,3885,3.814913181275074,3.9555915504057246,3.5893910231369333,Vehicle Signaling Devices,B60Q,B60Q
197,19370,21677,6403,4.287129620719111,4.335999177608131,3.8063835018241674,Vehicle Parts,B60R,B60R
198,2691,2839,892,3.4299136977637543,3.4531653925258574,2.950364854376123,Vehicle Repair,B60S,B60S
199,8887,8197,3199,3.94875518016827,3.91365493508662,3.505014240084107,Vehicle Brake Systems,B60T,B60T
200,249,329,78,2.3961993470957363,2.5171958979499744,1.8920946026904804,Air-Cushion Vehicles,B60V,B60V
201,633,1201,805,2.801403710017355,3.079543007402906,2.9057958803678687,Conjoint Control,B60W,B60W
202,1201,1540,480,3.079543007402906,3.187520720836463,2.681241237375587,Rail Systems,B61B,B61B
203,341,512,251,2.5327543789924976,2.709269960975831,2.399673721481038,Locomotives,B61C,B61C
204,1553,1809,609,3.1911714557285586,3.257438566859814,2.784617292632875,Rail Vehicle Structure,B61D,B61D
205,909,976,341,2.9585638832219674,2.9894498176666917,2.5327543789924976,Rail Vehicle Suspension,B61F,B61F
206,481,411,138,2.682145076373832,2.6138418218760693,2.1398790864012365,Rail Vehicle Couplings,B61G,B61G
207,206,254,118,2.3138672203691533,2.404833716619938,2.0718820073061255,Rail Vehicle Brakes,B61H,B61H
208,137,219,116,2.1367205671564067,2.3404441148401185,2.0644579892269186,Rail Switches,B61J,B61J
209,290,477,229,2.462397997898956,2.678518379040114,2.359835482339888,Railway Equipment,B61K,B61K
210,823,1048,346,2.91539983521227,3.0203612826477078,2.5390760987927767,Rail Safety Equipment,B61L,B61L
211,4539,5007,1272,3.656960182742849,3.699577591398909,3.104487111312395,Hand-Propelled Vehicles,B62B,B62B
212,131,185,61,2.1172712956557644,2.2671717284030137,1.7853298350107671,Animal Drawn Vehicles,B62C,B62C
213,15311,19203,6519,4.1850035564918056,4.283369081915453,3.8141809810401868,Motor Vehicles,B62D,B62D
214,393,488,148,2.5943925503754266,2.6884198220027105,2.1702617153949575,Cycle Stands,B62H,B62H
215,1671,1922,532,3.2229764498933915,3.2837533833325265,2.7259116322950483,Cycle Seats,B62J,B62J
216,2627,2792,856,3.4194600727860704,3.4459154139511234,2.932473764677153,Cycles,B62K,B62K
217,408,324,142,2.61066016308988,2.510545010206612,2.1522883443830563,Cycle Brakes,B62L,B62L
218,1939,2222,738,3.287577809078705,3.346744054604849,2.8680563618230415,Cycle Propulsion,B62M,B62M
219,8384,9327,1952,3.9234512696396515,3.969741976762854,3.290479813330673,Ships,B63B,B63B
220,1801,2063,492,3.2555137128195333,3.3144992279731516,2.6919651027673606,Dry-Docking,B63C,B63C
221,439,617,196,2.6424645202421213,2.7902851640332416,2.292256071356476,Offensive/Defensive Ships,B63G,B63G
222,6123,5853,1770,3.786964259435733,3.7673785241141804,3.247973266361807,Marine Propulsion,B63H,B63H
223,45,55,15,1.6532125137753437,1.7403626894942439,1.1760912590556813,AUXILIARIES ON VESSELS,B63J,B63J
224,408,476,127,2.61066016308988,2.677606952720493,2.103803720955957,Lighter-Than-Air Vehicles,B64B,B64B
225,5872,7075,1938,3.7687860469080143,3.8497264441963277,3.2873537727147464,Air-cushion Vehicles,B64C,B64C
226,3266,4335,1400,3.5140161804006493,3.636989101812229,3.146128035678238,Aircraft Propulsion,B64D,B64D
227,376,567,196,2.575187844927661,2.7535830588929064,2.292256071356476,Aircraft Maintenance,B64F,B64F
228,1558,2069,571,3.1925674533365456,3.3157604906657347,2.756636108245848,Cosmonautics,B64G,B64G
229,19464,22685,8440,4.289232095922762,4.355738783602035,3.926342446625655,Packaging Machines,B65B,B65B
230,962,1123,531,2.983175072037813,3.050379756261458,2.725094521081469,Labeling Machines,B65C,B65C
231,48382,49909,13725,4.6846838171265395,4.698178868226516,4.13751235312213,Storage/Transport Containers,B65D,B65D
232,587,623,173,2.7686381012476144,2.7944880466591697,2.2380461031287955,Refuse Disposal,B65F,B65F
233,21504,25504,8569,4.332519251373731,4.4066082997160185,3.9329301428307897,Conveyor Systems,B65G,B65G
234,25167,28374,10982,4.400831449116225,4.4529205643990695,4.040681439373358,Sheet Handling,B65H,B65H
235,3663,3617,805,3.5638369186645447,3.5583485087616196,2.9057958803678687,Conveyor/Cable Transport,B66B,B66B
236,3817,4818,1504,3.581722159949099,3.6828667956623247,3.1772478362556233,Cranes/winch Equipment,B66C,B66C
237,1541,1846,580,3.1878026387184195,3.266231696689893,2.7634279935629373,Winches/Pulleys,B66D,B66D
238,2729,3302,982,3.4360035356698964,3.518777068926775,2.99211148778695,Lifting Equipment,B66F,B66F
239,1679,2158,848,3.225050696138049,3.334051440346892,2.9283958522567137,Container Lids,B67B,B67B
240,417,624,247,2.6201360549737576,2.795184589682424,2.392696953259666,Filling Containers,B67C,B67C
241,7394,8933,3668,3.868879446237088,3.950997333988805,3.5644293269979834,Liquid Dispensers,B67D,B67D
242,246,265,49,2.3909351071033793,2.423245873936808,1.6901960800285136,Harnesses,B68B,B68B
243,380,373,51,2.57978359661681,2.571708831808688,1.7075701760979363,Saddles; Stirrups,B68C,B68C
244,2,4,1,0.3010299956639812,0.6020599913279624,0.0,Leathercraft/Canvas Work,B68F,B68F
245,289,415,186,2.4608978427565478,2.6180480967120925,2.2695129442179165,Upholstery Equipment,B68G,B68G
246,60,155,110,1.7781512503836436,2.1903316981702914,2.041392685158225,Micro-structures,B81B,B81B
247,36,88,62,1.5563025007672873,1.9444826721501687,1.792391689498254,Micro-Structure Production,B81C,B81C
248,62,164,120,1.792391689498254,2.214843848047698,2.0791812460476247,Nano-Structures,B82B,B82B
249,7,18,8,0.8450980400142568,1.255272505103306,0.9030899869919435,Nano-Structure Applications,B82Y,B82Y
250,10857,17318,7902,4.035709837827862,4.238497735307359,3.8977370253454273,Non-Metallic Elements,C01B,C01B
251,539,1083,626,2.7315887651867388,3.0346284566253203,2.7965743332104296,Ammonia Compounds,C01C,C01C
252,530,1095,567,2.724275869600789,3.0394141191761372,2.7535830588929064,Alkali Metal Compounds,C01D,C01D
253,1710,3211,1451,3.2329961103921536,3.5066403055665023,3.161667412437736,Rare-Earth Metal Compounds,C01F,C01F
254,3095,5452,2450,3.490660653356137,3.736555847162636,3.3891660843645326,Other Metal Compounds,C01G,C01G
255,10826,15289,5223,4.034468022755043,4.184379080658596,3.7179200258369938,Water Treatment,C02F,C02F
256,6434,7785,2900,3.808481056565951,3.891258616904139,3.462397997898956,Glass Manufacturing,C03B,C03B
257,4375,6038,2955,3.640978057358332,3.7808931086870787,3.4705574852172743,Composition of Glass,C03C,C03C
258,10632,16017,6174,4.026614967934676,4.204581175577571,3.7905666251460763,Ceramics,C04B,C04B
259,227,419,168,2.3560258571931225,2.622214022966295,2.225309281725863,Phosphatic Fertilizers,C05B,C05B
260,370,549,228,2.568201724066995,2.739572344450092,2.357934847000454,Nitrogenous Fertilizers,C05C,C05C
261,115,201,70,2.060697840353612,2.303196057420489,1.845098040014257,Inorganic Fertilizers,C05D,C05D
262,622,875,249,2.7937903846908188,2.942008053022313,2.3961993470957363,Organic Fertilizers,C05F,C05F
263,192,323,164,2.2833012287035497,2.509202522331103,2.214843848047698,Fertilizer Mixtures,C05G,C05G
264,1867,2229,673,3.2711443179490782,3.3481100684802376,2.828015064223977,Explosive Compositions,C06B,C06B
265,228,362,141,2.357934847000454,2.558708570533166,2.1492191126553797,Priming Devices,C06C,C06C
266,286,507,269,2.456366033129043,2.705007959333336,2.429752280002408,Smoke Generation,C06D,C06D
267,213,531,357,2.3283796034387376,2.725094521081469,2.552668216112193,Match Manufacturing,C06F,C06F
268,651,1580,1012,2.8135809885681917,3.1986570869544226,3.0051805125037805,Organic Chemistry,C07B,C07B
269,51751,57127,24486,4.713918746211775,4.756841417870189,4.388917845156914,Carbocyclic Compounds,C07C,C07C
270,50795,57301,25815,4.70582096466029,4.758162201211584,4.411872129383242,Heterocyclic Compounds,C07D,C07D
271,9835,13916,7694,3.9927743642553555,4.143514420075551,3.8861521819707967,Non-Metallic Compounds,C07F,C07F
272,1056,2241,1139,3.0236639181977933,3.350441856535061,3.0565237240791006,Other Compounds,C07G,C07G
273,9359,17343,9127,3.971229447276241,4.239124224094778,3.9603280505301433,Sugars,C07H,C07H
274,1363,1950,914,3.1344958558346736,3.290034611362518,2.9609461957338317,Steroids,C07J,C07J
275,10980,19675,10635,4.040602340114073,4.293914741031102,4.0267374942387475,Peptides,C07K,C07K
276,1721,3162,1521,3.2357808703275603,3.49996186559619,3.182129214052998,Polysaccharides,C08B,C08B
277,630,1346,958,2.7993405494535817,3.1290450598879582,2.9813655090785445,Rubber Treatment,C08C,C08C
278,27393,33579,16410,4.43763959750037,4.526067758480154,4.2151085810530935,Carbon Reaction Compounds,C08F,C08F
279,23483,27407,13484,4.3707535781045035,4.437861499795222,4.129818743848935,Non-Carbon Reaction Compounds,C08G,C08G
280,228,499,307,2.357934847000454,2.6981005456233897,2.4871383754771865,Natural Compound Derivatives,C08H,C08H
281,8439,14855,8744,3.9262909868848634,4.171872656139683,3.941710148941646,Compounding,C08J,C08J
282,16304,24530,13344,4.2122941666623515,4.389697548206386,4.125286033293664,Inorganic Compounds,C08K,C08K
283,20745,29007,14506,4.316913439164992,4.46250281495166,4.161547673125727,Macromolecular Compositions,C08L,C08L
284,4237,4229,2043,3.6270584640009895,3.6262376851469003,3.3102683666324477,Organic Dyes,C09B,C09B
285,1455,2427,1121,3.162862993321926,3.385069776331935,3.049605612594973,Inorganic Dye Additives,C09C,C09C
286,5992,8391,4652,3.77757180469141,3.92381372109119,3.667639706056411,Paints/Varnishes,C09D,C09D
287,499,877,493,2.6981005456233897,2.9429995933660407,2.69284691927723,Resins/Oils,C09F,C09F
288,332,631,397,2.5211380837040362,2.8000293592441343,2.598790506763115,Polishing Compositions,C09G,C09G
289,44,87,49,1.6434526764861874,1.9395192526186185,1.6901960800285136,Glue or Gelatine Preparation,C09H,C09H
290,1825,3468,2086,3.2612628687924934,3.540079088804173,3.319314304090512,Adhesive Processes,C09J,C09J
291,11326,15545,8322,4.05407655729051,4.191590726379211,3.9202277114569286,Other Materials,C09K,C09K
292,1255,1734,580,3.098643725817057,3.2390490931401916,2.7634279935629373,Gasification,C10B,C10B
293,341,602,318,2.5327543789924976,2.7795964912578244,2.5024271199844326,Tar,C10C,C10C
294,7,12,5,0.8450980400142568,1.0791812460476249,0.6989700043360189,Working of Peat,C10F,C10F
295,7568,7620,3055,3.8789811233937366,3.8819549713396007,3.485011214578573,Hydrocarbon Mixtures,C10G,C10G
296,20,40,32,1.3010299956639813,1.6020599913279625,1.505149978319906,Acetylene Production,C10H,C10H
297,972,1288,610,2.9876662649262746,3.1099158630237933,2.785329835010767,Gas Production by Oxidation,C10J,C10J
298,92,182,115,1.9637878273455553,2.2600713879850747,2.060697840353612,Purifying Combustible Gas,C10K,C10K
299,3583,4539,1991,3.5542468081661105,3.656960182742849,3.2990712600274095,Other Fuels,C10L,C10L
300,5741,6117,2342,3.758987546867619,3.7865384804978026,3.369586890736344,Lubricating Compositions,C10M,C10M
301,36,78,56,1.5563025007672873,1.8920946026904804,1.7481880270062005,Lubrication Compositions Index,C10N,C10N
302,606,1067,542,2.782472624166286,3.0281644194244697,2.733999286538387,Refining Waste,C11B,C11B
303,610,1070,649,2.785329835010767,3.0293837776852097,2.812244696800369,Fatty Acids,C11C,C11C
304,9857,11107,4266,3.993744756554462,4.0455967718675785,3.63002085111341,Detergents,C11D,C11D
305,330,593,194,2.5185139398778875,2.7730546933642626,2.287801729930226,Beer Brewing,C12C,C12C
306,31,64,33,1.4913616938342726,1.806179973983887,1.5185139398778875,Denaturing Alcohol,C12F,C12F
307,233,452,168,2.367355921026019,2.655138434811382,2.225309281725863,Wine,C12G,C12G
308,139,315,147,2.143014800254095,2.4983105537896004,2.167317334748176,Aging and Stabilizing Alcohol,C12H,C12H
309,24,55,12,1.380211241711606,1.7403626894942439,1.0791812460476249,Vinegar; Its Preparation,C12J,C12J
310,1,7,4,0.0,0.8450980400142568,0.6020599913279624,Pitching/Depitching Machines,C12L,C12L
311,2904,5612,2695,3.462996612028056,3.7491176623563223,3.4305587695227575,Enzymology Equipment,C12M,C12M
312,23696,37294,13497,4.374675041177134,4.57163896648716,4.130237247885229,Enzyme Compounds,C12N,C12N
313,10822,20405,9725,4.034307529596563,4.309736599109289,3.987889609997745,Enzyme Synthesis,C12P,C12P
314,16858,26808,10896,4.226806049500728,4.428264414827215,4.03726709456871,Measuring Enzymes,C12Q,C12Q
315,110,263,154,2.041392685158225,2.419955748489758,2.187520720836463,Indexing Micro-organisms,C12R,C12R
316,4,8,4,0.6020599913279624,0.9030899869919435,0.6020599913279624,Sucrose Production,C13B,C13B
317,252,487,206,2.401400540781544,2.6875289612146345,2.3138672203691533,Saccharide Harvesting,C13K,C13K
318,137,165,32,2.1367205671564067,2.2174839442139063,1.505149978319906,Tanning Machines,C14B,C14B
319,381,681,286,2.5809249756756194,2.833147111912785,2.456366033129043,Hide Treatments,C14C,C14C
320,1868,3025,1098,3.2713768718940743,3.4807253789884878,3.040602340114073,Smelting,C21B,C21B
321,1855,3039,971,3.268343913951065,3.482730700079943,2.9872192299080047,Metal Refinement,C21C,C21C
322,3040,5763,2314,3.482873583608754,3.760648619581356,3.3643633546157306,Heat Treatment,C21D,C21D
323,3665,6070,2210,3.5640739789771465,3.7831886910752575,3.3443922736851106,Metal Production,C22B,C22B
324,7087,11626,4299,3.8504624327615167,4.065430318620369,3.633367445117007,Alloys,C22C,C22C
325,1305,2256,1061,3.1156105116742996,3.3533390953113047,3.025715383901341,Working Non-Ferrous Metal,C22F,C22F
326,13330,20418,10388,4.124830149413859,4.310013199479453,4.0165319409572655,Coating Metallic Material,C23C,C23C
327,28,57,38,1.4471580313422192,1.7558748556724915,1.5797835966168101,Enameling Metal,C23D,C23D
328,3293,5827,3156,3.517591730711908,3.76544501809015,3.4991369945373827,Desurfacing,C23F,C23F
329,537,1107,649,2.7299742856995555,3.044147620878723,2.812244696800369,Chemically Cleaning Metal,C23G,C23G
330,4696,6223,2701,3.671728088239558,3.7939998009844706,3.431524584187451,Electrolytic Processes,C25B,C25B
331,1847,2911,1093,3.2664668954402414,3.464042205438811,3.038620161949703,Electrolytic Refinement,C25C,C25C
332,6330,9568,4055,3.801403710017355,3.980821166644336,3.6079908585471747,Electrolytic Coating,C25D,C25D
333,956,1868,1015,2.9804578922761,3.2713768718940743,3.0064660422492318,Electrolytic Extraction/removal,C25F,C25F
334,4080,6259,3211,3.61066016308988,3.7965049515532963,3.5066403055665023,Single-Crystal Growth,C30B,C30B
335,114,332,241,2.0569048513364727,2.5211380837040362,2.3820170425748683,Combinatorial Chemistry,C40B,C40B
336,237,281,126,2.374748346010104,2.44870631990508,2.100370545117563,Natural Fiber Mechanical Treatment,D01B,D01B
337,71,156,84,1.8512583487190752,2.1931245983544616,1.9242792860618816,Natural Fiber Chemical Treatment,D01C,D01C
338,1224,2172,1189,3.087781417809542,3.336859820916809,3.0751818546186915,Man-Made Fiber Mechanical Treatment,D01D,D01D
339,1556,2941,1636,3.1920095926536702,3.468495024507069,3.2137832993353044,Man-Made Fiber Chemical Treatment,D01F,D01F
340,1221,1186,387,3.0867156639448825,3.074084689028244,2.5877109650189114,Fiber Treatment,D01G,D01G
341,3181,2673,685,3.502563669107363,3.426998958756537,2.8356905714924254,Winding Fibers,D01H,D01H
342,3435,5314,2629,3.5359267413955693,3.725421550074259,3.419790586106363,Crimping Fibers,D02G,D02G
343,128,172,51,2.1072099696478683,2.2355284469075487,1.7075701760979363,"Warping, Beaming, or Leasing",D02H,D02H
344,216,363,198,2.3344537511509307,2.5599066250361124,2.296665190261531,Finishing Fibers,D02J,D02J
345,640,453,139,2.806179973983887,2.656098202012832,2.143014800254095,Shedding Mechanisms,D03C,D03C
346,3588,3868,1320,3.5548524343720542,3.587486465410964,3.12057393120585,Weaving,D03D,D03D
347,283,315,105,2.45178643552429,2.4983105537896004,2.0211892990699383,Weaving tools,D03J,D03J
348,2838,2452,407,3.4530123911214554,3.3895204658463776,2.60959440922522,Knitting,D04B,D04B
349,274,342,125,2.437750562820388,2.534026106056135,2.0969100130080562,"Braiding, making lace",D04C,D04C
350,105,118,24,2.0211892990699383,2.0718820073061255,1.380211241711606,Ribbons/Bands,D04D,D04D
351,43,63,22,1.6334684555795866,1.7993405494535817,1.3424226808222062,Tapestry creation,D04G,D04G
352,1736,3000,1613,3.239549720840473,3.4771212547196626,3.2076343673889616,Textile creation,D04H,D04H
353,4779,3736,661,3.6793370305207937,3.5724068675580556,2.82020145948564,Sewing,D05B,D05B
354,888,835,282,2.948412965778601,2.921686475483602,2.450249108319361,Embroidery,D05C,D05C
355,1250,1445,501,3.0969100130080562,3.1598678470925665,2.699837725867246,Treating Fabrics,D06B,D06B
356,898,1050,376,2.9532763366673045,3.0211892990699383,2.575187844927661,Finishing Fabrics,D06C,D06C
357,3149,3744,1136,3.498172660636544,3.5733358400660675,3.055378331375,Pressing Textiles,D06F,D06F
358,13,18,11,1.1139433523068367,1.255272505103306,1.041392685158225,Cleaning Hides,D06G,D06G
359,107,121,61,2.0293837776852097,2.08278537031645,1.7853298350107671,Seaming Textiles,D06H,D06H
360,6,8,3,0.7781512503836436,0.9030899869919435,0.47712125471966244,Pleating Textiles,D06J,D06J
361,507,882,502,2.705007959333336,2.94546858513182,2.7007037171450192,Cleaning fibers,D06L,D06L
362,1777,2821,1385,3.2496874278053016,3.450403086155366,3.1414497734004674,Other treatment of Textiles,D06M,D06M
363,164,398,257,2.214843848047698,2.5998830720736876,2.4099331233312946,Floor Coverings,D06N,D06N
364,1617,2364,1042,3.208710019906401,3.3736474722092176,3.0178677189635055,Dying Textiles/Leather,D06P,D06P
365,36,76,44,1.5563025007672873,1.8808135922807914,1.6434526764861874,Decorating Textiles,D06Q,D06Q
366,253,385,130,2.403120521175818,2.5854607295085006,2.113943352306837,Ropes,D07B,D07B
367,248,411,170,2.3944516808262164,2.6138418218760693,2.230448921378274,Fibrous Material,D21B,D21B
368,1926,2510,747,3.2846562827885157,3.399673721481038,2.873320601815399,Cellulose Production,D21C,D21C
369,251,426,216,2.399673721481038,2.629409599102719,2.3344537511509307,Paper Pulp Treatment,D21D,D21D
370,2901,3053,1134,3.4625477288026643,3.4847268042986617,3.0546130545568877,Paper-Making Machines,D21F,D21F
371,206,338,193,2.3138672203691533,2.5289167002776547,2.285557309007774,Calenders,D21G,D21G
372,2123,3338,1653,3.326949994165999,3.5234863323432277,3.2182728535714475,Pulp Compositions,D21H,D21H
373,106,181,89,2.0253058652647704,2.2576785748691846,1.9493900066449128,Fiberboard,D21J,D21J
374,1812,1796,474,3.2581581933407944,3.2543063323312857,2.6757783416740852,Railway Machinery,E01B,E01B
375,3040,3469,840,3.482873583608754,3.5402042998420598,2.9242792860618816,Surface Construction Tools,E01C,E01C
376,1060,1272,382,3.0253058652647704,3.104487111312395,2.582063362911709,Bridges,E01D,E01D
377,1698,1826,512,3.229937685907934,3.2615007731982804,2.709269960975831,Road Finishing Work,E01F,E01F
378,1285,1464,390,3.1089031276673134,3.165541076722373,2.591064607026499,Land/Street Clearing Tools,E01H,E01H
379,3294,3796,955,3.5177235948337353,3.579326203755255,2.9800033715837464,Hydraulic Engineering,E02B,E02B
380,99,126,31,1.99563519459755,2.100370545117563,1.4913616938342726,Ship-lifting,E02C,E02C
381,4312,5072,1444,3.634678752178682,3.7051792448736762,3.1595671932336202,Embankments,E02D,E02D
382,3530,4086,1135,3.5477747053878224,3.611298362296429,3.0549958615291417,Dredging,E02F,E02F
383,765,1165,573,2.8836614351536176,3.0663259253620376,2.75815462196739,Water collection/distribution,E03B,E03B
384,1055,1277,493,3.0232524596337114,3.1061908972634154,2.69284691927723,Domestic Plumbing Fixtures,E03C,E03C
385,2351,2628,613,3.3712526291249394,3.419625360887743,2.787460474518415,Flushing Toilets,E03D,E03D
386,340,418,125,2.531478917042255,2.621176281775035,2.0969100130080562,Sewers; Cesspools,E03F,E03F
387,9898,11350,3093,3.9955474494751373,4.054995861529141,3.490379920003179,General Building Elements,E04B,E04B
388,4323,5215,1746,3.6357852355336515,3.7172543127625497,3.2420442393695508,Structural Elements,E04C,E04C
389,2340,2486,648,3.369215857410143,3.395501124305626,2.8115750058705933,Roof Coverings,E04D,E04D
390,1919,2374,781,3.2830749747354715,3.3754807146185724,2.8926510338773004,Building Finishing Work,E04F,E04F
391,3542,4067,1214,3.549248556854056,3.6092741724045876,3.0842186867392387,Scaffolding,E04G,E04G
392,6760,7594,1861,3.829946695941636,3.8804705928037784,3.2697463731307668,Purpose Built Structures,E04H,E04H
393,7427,7373,2107,3.8708134239155974,3.8676442339030985,3.3236645356081,Locking Mechanisms,E05B,E05B
394,4926,5601,2043,3.6924944075030846,3.748265572668741,3.3102683666324477,Door/Opening Latches,E05C,E05C
395,3950,4335,1511,3.59659709562646,3.636989101812229,3.1792644643390253,Hinges,E05D,E05D
396,2982,3611,1321,3.474507639116976,3.5576274884268266,3.1209028176145273,Wing Movement,E05F,E05F
397,385,488,132,2.5854607295085006,2.6884198220027105,2.12057393120585,Safes,E05G,E05G
398,6420,6903,2065,3.807535028068853,3.839037873388306,3.31492005599242,Doors/Windows,E06B,E06B
399,1468,1590,293,3.166726055580052,3.2013971243204513,2.4668676203541096,Ladders,E06C,E06C
400,26535,21865,4692,4.423819091965404,4.339749481680876,3.671358003443492,Mining/Drilling,E21B,E21B
401,2098,2355,682,3.3218054838575393,3.371990911464915,2.833784374656479,Mining or Quarrying,E21C,E21C
402,1612,1846,423,3.2073650374690716,3.266231696689893,2.6263403673750423,Underground Chambers/tunnels,E21D,E21D
403,261,323,123,2.416640507338281,2.509202522331103,2.089905111439398,Tunnel Safety,E21F,E21F
404,3753,4919,2364,3.5743785644130823,3.6918768225593315,3.3736474722092176,Engines,F01B,F01B
405,2214,2637,1203,3.345177616542704,3.4211101297934343,3.0802656273398448,Piston Engines,F01C,F01C
406,6892,8562,2959,3.8383452687759907,3.9325752234982905,3.471144965160633,Steam Turbines,F01D,F01D
407,1479,2028,882,3.1699681739968923,3.307067950661298,2.94546858513182,Steam Engine Plants,F01K,F01K
408,5621,5419,2351,3.7498135852929377,3.733919151012391,3.3712526291249394,Cyclic Valves,F01L,F01L
409,1956,3083,1524,3.291368850451583,3.488973524726508,3.1829849670035815,Machine Lubrication,F01M,F01M
410,6165,7826,3478,3.7899330809317506,3.8935398435646613,3.5413295776666938,Exhaust Dampeners,F01N,F01N
411,1923,2867,1424,3.28397928423848,3.4574276929464847,3.1535099893008374,Machine Cooling,F01P,F01P
412,11332,13156,5621,4.0543065658484,4.119123864810617,3.7498135852929377,Internal Combustion Engines,F02B,F02B
413,5603,6509,2430,3.7484206224675685,3.8135142715418833,3.385606273598312,Gas-Turbine Plants,F02C,F02C
414,7341,9010,4699,3.8657552240714517,3.954724790979063,3.672005445022952,Combustion Engine Control,F02D,F02D
415,1792,2801,1357,3.2533380053261065,3.4473131088235682,3.132579847659737,Pistons,F02F,F02F
416,1054,1447,745,3.022840610876528,3.1604685311190375,2.8721562727482928,Hot-Gas Engine Plants,F02G,F02G
417,2218,2859,971,3.3459615418131414,3.456214155357989,2.9872192299080047,Jet-Propulsion Plants,F02K,F02K
418,14966,15760,6004,4.175105740887016,4.197556213153536,3.7784406835712327,Combustible Mixtures,F02M,F02M
419,1881,2648,1405,3.274388795550379,3.422917980767662,3.1476763242410986,Starting Combustion Engines,F02N,F02N
420,3875,4463,2098,3.588271706842329,3.6496268868405295,3.3218054838575393,Ignition,F02P,F02P
421,1227,1693,716,3.0888445627270045,3.2286569581089353,2.8549130223078554,Machines for Liquids,F03B,F03B
422,694,1105,605,2.841359470454855,3.0433622780211294,2.781755374652469,Positive Displacement Engines,F03C,F03C
423,1529,1703,540,3.1844074854123203,3.231214647962601,2.7323937598229686,Wind Motors,F03D,F03D
424,910,1012,472,2.9590413923210934,3.0051805125037805,2.673941998634088,Spring Motors,F03G,F03G
425,118,189,85,2.0718820073061255,2.2764618041732443,1.9294189257142929,Reactive Propulsion,F03H,F03H
426,12241,14845,6326,4.08781689793553,4.171580201932064,3.801129187579704,Positive-Displacement,F04B,F04B
427,2466,2994,1368,3.3919930722597127,3.4762517960070336,3.1360860973840974,Liquid Driven Engines,F04C,F04C
428,4015,5741,2465,3.6036855496146996,3.758987546867619,3.391816923613249,Non-Positive-Displacement,F04D,F04D
429,794,986,418,2.8998205024270964,2.9938769149412114,2.621176281775035,Secondary Liquid Medium Pumps,F04F,F04F
430,5873,6537,2909,3.768860000842957,3.815378484965918,3.463743721247059,Fluid Pressure Systems,F15B,F15B
431,307,448,240,2.4871383754771865,2.651278013998144,2.380211241711606,Fluid Circuit Elements,F15C,F15C
432,430,642,282,2.6334684555795866,2.807535028068853,2.450249108319361,Fluid Dynamics,F15D,F15D
433,9180,10355,3914,3.9628426812012423,4.015150103229471,3.592620821321982,Fasteners,F16B,F16B
434,11031,12681,4832,4.042614884588525,4.103153502548682,3.6841269256130755,Crankshafts,F16C,F16C
435,17411,17912,6592,4.240823715517665,4.253144080570974,3.8190171986890595,Rotational Couplings,F16D,F16D
436,5888,6903,2647,3.7699678013294426,3.839037873388306,3.422753941301348,Shock-Absorption,F16F,F16F
437,2374,2463,857,3.3754807146185724,3.3914644118391033,2.932980821923198,Drive Belts/Cables,F16G,F16G
438,19451,19098,7360,4.288941933852878,4.280987889004646,3.866877814337499,Gearing,F16H,F16H
439,6537,8100,3238,3.815378484965918,3.9084850188786495,3.510276844417355,Pistons,F16J,F16J
440,20398,23122,8794,4.309587587448228,4.364025396850448,3.9441864612836874,Venting Devices,F16K,F16K
441,18323,20941,7179,4.262996581601494,4.320997416794221,3.8560639533331,Pipes,F16L,F16L
442,5086,6840,2731,3.7063763558396903,3.835056101720116,3.4363217001397333,Engine Support Structures,F16M,F16M
443,741,987,355,2.869818207979328,2.9943171526696366,2.550228353055094,Lubricating,F16N,F16N
444,161,243,110,2.2068258760318495,2.385606273598312,2.041392685158225,Safety Devices,F16P,F16P
445,39,78,40,1.591064607026499,1.8920946026904804,1.6020599913279625,Constructional Elements,F16S,F16S
446,195,239,72,2.290034611362518,2.3783979009481375,1.8573324964312685,Steam Traps,F16T,F16T
447,22,38,23,1.3424226808222062,1.5797835966168101,1.3617278360175928,Variable Volume Gasometers,F17B,F17B
448,1259,1899,843,3.1000257301078626,3.2785249647370174,2.9258275746247424,Pressure Vessel,F17C,F17C
449,553,931,514,2.7427251313046983,2.9689496809813427,2.710963118995276,Pipe-Lines,F17D,F17D
450,27,41,12,1.4313637641589874,1.6127838567197355,1.0791812460476249,Incandescent Mantle,F21H,F21H
451,444,528,262,2.6473829701146196,2.722633922533812,2.4183012913197452,Light Sources,F21K,F21K
452,1709,1737,582,3.232742062720737,3.2397998184470986,2.7649229846498886,Portable Light Sources,F21L,F21L
453,2209,2787,1218,3.344195715871435,3.445136968713304,3.0856472882968564,Non-Portable Lights,F21S,F21S
454,12392,14715,6247,4.093141404751149,4.1677602664356295,3.7956715059460215,Features of Lights,F21V,F21V
455,145,232,107,2.161368002234975,2.3654879848909,2.0293837776852097,Indexing Lighting Systems,F21W,F21W
456,90,126,71,1.9542425094393248,2.100370545117563,1.8512583487190752,Indexing Light Sources,F21Y,F21Y
457,2074,2828,1026,3.316808752053022,3.4514794051248616,3.0111473607757975,Steam Generation,F22B,F22B
458,262,382,183,2.4183012913197452,2.582063362911709,2.2624510897304293,Preheating Water,F22D,F22D
459,83,142,71,1.919078092376074,2.1522883443830563,1.8512583487190752,Superheating Steam,F22G,F22G
460,577,971,467,2.7611758131557314,2.9872192299080047,2.6693168805661123,Solid Fuel Combustion,F23B,F23B
461,703,1203,577,2.846955325019824,3.0802656273398448,2.7611758131557314,Fluid/airborne Fuel Combustion,F23C,F23C
462,2998,4078,1636,3.4768316285122607,3.6104472214421213,3.2137832993353044,Burners,F23D,F23D
463,1280,1967,686,3.1072099696478683,3.2938043599193367,2.8363241157067516,Waste Disposal via combustion,F23G,F23G
464,269,396,154,2.429752280002408,2.597695185925512,2.187520720836463,Grates,F23H,F23H
465,976,1458,584,2.9894498176666917,3.163757523981956,2.7664128471123997,Removing Combustion Residue,F23J,F23J
466,291,482,206,2.4638929889859074,2.6830470382388496,2.3138672203691533,Fuel Feeders,F23K,F23K
467,605,871,334,2.781755374652469,2.9400181550076634,2.5237464668115646,Air Supply Systems,F23L,F23L
468,589,989,480,2.7701152947871015,2.9951962915971793,2.681241237375587,Combustion Chamber Lining,F23M,F23M
469,1264,1794,752,3.1017470739463664,3.2538224387080734,2.876217840591642,Controlled Combustion,F23N,F23N
470,1377,1861,840,3.1389339402569236,3.2697463731307668,2.9242792860618816,Ignition/Extinguishing Devices,F23Q,F23Q
471,577,893,471,2.7611758131557314,2.9508514588885464,2.673020907128896,Combustion Chambers,F23R,F23R
472,963,1101,282,2.9836262871245345,3.041787318971752,2.450249108319361,Stoves; Ranges,F24B,F24B
473,2241,2799,892,3.350441856535061,3.4470028984661623,2.950364854376123,Specialized Stoves,F24C,F24C
474,670,922,371,2.8260748027008264,2.9647309210536292,2.569373909615046,Domestic Heating Systems,F24D,F24D
475,3143,4208,1547,3.49734438101758,3.6240757311456826,3.1894903136993675,Air Conditioning,F24F,F24F
476,1879,2604,1047,3.2739267801005254,3.4156409798961542,3.0199466816788423,Liquid Heaters,F24H,F24H
477,3044,3222,841,3.4834446480985353,3.5081255360831993,2.924795995797912,Heat Production,F24J,F24J
478,9965,11825,4426,3.9984773030365064,4.072801149409849,3.6460114095912393,Heat-transfer Systems,F25B,F25B
479,1337,1665,576,3.1261314072619846,3.2214142378423385,2.760422483423212,Ice,F25C,F25C
480,5856,8351,3387,3.7676010680503356,3.9217384836845985,3.5298151966446305,Refrigeration,F25D,F25D
481,2002,1851,583,3.3014640731432996,3.267406418752904,2.765668554759014,Gas separation,F25J,F25J
482,6108,8417,3238,3.7858990283843834,3.9251573271758984,3.510276844417355,Drying,F26B,F26B
483,2816,4696,2152,3.4496326504700745,3.671728088239558,3.3328422669943514,Sintering Devices,F27B,F27B
484,2309,3828,1536,3.3634239329171765,3.582971929104806,3.186391215695493,Oven Accessories,F27D,F27D
485,324,563,259,2.510545010206612,2.7505083948513462,2.413299764081252,Vapor Condensers,F28B,F28B
486,140,214,111,2.146128035678238,2.330413773349191,2.0453229787866576,Non-Chemical Heat-Exchange,F28C,F28C
487,3665,5216,2354,3.5640739789771465,3.717337582723864,3.371806458507416,Non-Contact Heat-Exchange,F28D,F28D
488,4535,6607,2849,3.656577291396114,3.820004306808318,3.454692449239477,Heat Exchange,F28F,F28F
489,264,369,159,2.4216039268698313,2.56702636615906,2.2013971243204513,Cleaning Heat Exchange Devices,F28G,F28G
490,3194,3129,784,3.5043349118024643,3.495405563146193,2.8943160626844384,Ordinance Features,F41A,F41A
491,2959,2525,576,3.471144965160633,3.40226138245468,2.760422483423212,Non-combustible projectiles,F41B,F41B
492,2172,1965,457,3.336859820916809,3.2933625547114453,2.6599162000698504,Pistols or Rifles,F41C,F41C
493,1184,1531,488,3.073351702386901,3.184975190698261,2.6884198220027105,Weapon Barrels,F41F,F41F
494,2255,2693,815,3.3531465462139796,3.4302363534115106,2.9111576087399764,Weapon Sights; Aiming,F41G,F41G
495,897,1258,406,2.952792443044092,3.0996806411092503,2.6085260335771943,Armor/Defense,F41H,F41H
496,780,948,219,2.8920946026904804,2.976808337338066,2.3404441148401185,Targets; Bullet Catchers,F41J,F41J
497,5515,6736,1738,3.7415455167762093,3.8284020784915933,3.2400497721126476,Explosive Charges,F42B,F42B
498,1328,1771,563,3.1231980750319988,3.248218561190075,2.7505083948513462,"Ammunition Fuses, their safety",F42C,F42C
499,188,320,137,2.27415784926368,2.505149978319906,2.1367205671564067,Blasting,F42D,F42D
500,21374,28330,12426,4.329885805054425,4.452246574520437,4.0943313492770965,Metering by length,G01B,G01B
501,9361,12765,5718,3.971322245242813,4.106020819140269,3.75724415102197,Metering by waves,G01C,G01C
502,9880,13808,6921,3.9947569445876283,4.140130778371135,3.8401688492407557,Metering by other means,G01D,G01D
503,10725,13926,5708,4.0303973008567615,4.143826390839561,3.7564839644426096,Metering by Volume,G01F,G01F
504,3309,4104,1383,3.519696767159853,3.61320735210376,3.1408221801093106,Weighing,G01G,G01G
505,889,1688,908,2.9489017609702137,3.2273724422896364,2.958085848521085,Measuring Sound Waves,G01H,G01H
506,10392,16273,8308,4.016699138064971,4.211467624439142,3.9194964878630616,Measuring Light,G01J,G01J
507,3894,6512,3278,3.590395947184013,3.813714391881145,3.51560894923448,Measuring Temperature,G01K,G01K
508,8742,13167,6405,3.9416108021536336,4.1194868355646355,3.806519134080705,Measuring Force,G01L,G01L
509,8769,14185,6288,3.942950070077099,4.151829340131871,3.7985125330313516,Testing of Machines,G01M,G01M
510,65683,93944,34539,4.8174529804952355,4.972869047873457,4.538309759381733,Analyzing Materials,G01N,G01N
511,4543,6348,3276,3.657342736814626,3.802636918082811,3.5153438930883807,Measuring Movement,G01P,G01P
512,41,112,62,1.6127838567197355,2.0492180226701815,1.792391689498254,Scanning Devices,G01Q,G01Q
513,33499,45396,21362,4.525031842828963,4.657017587340369,4.329641910730211,Measuring Electric Variables,G01R,G01R
514,12178,14870,5149,4.085575969718504,4.172310968521955,3.7117228918272347,Measuring Radio Waves,G01S,G01S
515,4184,5512,2103,3.621591675859218,3.7413092088995694,3.322839272686321,Measuring Radiation,G01T,G01T
516,11368,11391,3534,4.055684064919413,4.05656185185946,3.5482665451707454,Geophysics,G01V,G01V
517,518,868,346,2.714329759745233,2.938519725176492,2.5390760987927767,Meteorological Systems,G01W,G01W
518,60176,56383,24192,4.779423316078324,4.75114817988577,4.383671773821113,Optical Systems,G02B,G02B
519,4198,3976,1194,3.623042434246382,3.5994463757252757,3.0770043267933502,Vision Correction Tools,G02C,G02C
520,21351,21213,10623,4.329418220546588,4.3266020919636485,4.026247181477774,Optics,G02F,G02F
521,31783,25613,10659,4.502194887898237,4.408460449500864,4.02771646220899,Photography,G03B,G03B
522,17620,14734,6522,4.246005904076029,4.168320665518865,3.814380794469938,Photosensitive Media,G03C,G03C
523,1953,2320,1135,3.2907022432878543,3.3654879848909,3.0549958615291417,Processing Photographic Media,G03D,G03D
524,10785,12792,7612,4.032820149438564,4.106938450738179,3.881498779614983,Photomechanical Process,G03F,G03F
525,35044,23985,7795,4.544613671662172,4.379939722801916,3.8918161195248606,Electrography,G03G,G03G
526,1495,1875,1057,3.1746411926604483,3.2730012720637376,3.024074987307426,Holography,G03H,G03H
527,3626,3778,1141,3.5594277997594896,3.577261953585815,3.0572856444182146,Mechanical Clocks,G04B,G04B
528,1121,1315,600,3.049605612594973,3.1189257528257768,2.7781512503836434,Electric Clocks,G04C,G04C
529,54,100,46,1.7323937598229686,2.0,1.662757831681574,Clockmaking,G04D,G04D
530,904,1412,687,2.9561684304753633,3.149834696715785,2.8369567370595505,Time-Interval Measuring,G04F,G04F
531,77,147,101,1.8864907251724818,2.167317334748176,2.0043213737826426,Electronic Time-Pieces,G04G,G04G
532,9654,16013,7933,3.984707294482673,4.204472703648964,3.8994374542861774,Regulation Systems,G05B,G05B
533,6183,10049,5298,3.7911992464988753,4.002122846225162,3.7241119539612124,Non-Electric Regulation,G05D,G05D
534,10706,12122,6819,4.029627239047413,4.083574279673991,3.8337206904446335,Electric Regulation,G05F,G05F
535,3390,4504,2035,3.530199698203082,3.65359838184329,3.3085644135612386,Mechanical Control,G05G,G05G
536,386,578,215,2.586587304671755,2.761927838420529,2.3324384599156054,Digital Mechanical Computing,G06C,G06C
537,29,50,40,1.462397997898956,1.6989700043360187,1.6020599913279625,Digital Fluid Computing,G06D,G06D
538,534,1087,708,2.727541257028556,3.0362295440862948,2.850033257689769,Optical Computing Devices,G06E,G06E
539,228396,245396,64856,5.358688493649382,5.389867479368632,4.81195016000922,Digital Data Processing,G06F,G06F
540,3579,6607,3823,3.553761698390004,3.820004306808318,3.582404298019028,Analogue Computers,G06G,G06G
541,211,341,191,2.3242824552976926,2.5327543789924976,2.2810333672477277,Hybrid Computing,G06J,G06J
542,42399,47272,21079,4.627355613677558,4.67460397697161,4.323850003846802,Data Recording,G06K,G06K
543,832,1413,736,2.920123326290724,3.1501421618485588,2.866877814337499,Counting,G06M,G06M
544,1080,2279,1306,3.03342375548695,3.3577443251803754,3.115943176939055,Computational Machines,G06N,G06N
545,7323,13975,4527,3.864689034136851,4.145351816558461,3.655810494495252,Data Processing,G06Q,G06Q
546,7028,9764,4787,3.8468317528232574,3.989627770745151,3.6800634274819486,Image Processing,G06T,G06T
547,750,1188,554,2.8750612633917,3.074816440645175,2.74350976472843,Coin Collecting Machines,G07B,G07B
548,325,575,294,2.5118833609788744,2.7596678446896306,2.4683473304121573,Attendance Registers,G07C,G07C
549,1345,1530,666,3.128722284338427,3.184691430817599,2.823474229170301,Distributing/Sorting Currency,G07D,G07D
550,2712,3931,1655,3.433289685195026,3.5945030438200893,3.2187979981117376,Coin Sorting Machines,G07F,G07F
551,267,461,227,2.4265112613645754,2.663700925389648,2.3560258571931225,Cash Registers,G07G,G07G
552,19433,27563,11289,4.288539850670456,4.440326485098404,4.052655473039527,Signaling Systems,G08B,G08B
553,2892,4850,2760,3.461198288622493,3.6857417386022635,3.4409090820652177,Measured Value Transmission,G08C,G08C
554,2941,4711,2292,3.468495024507069,3.673113104238234,3.3602146132953523,Traffic Control Systems,G08G,G08G
555,6041,8112,1947,3.7811088357294667,3.9091279419892606,3.2893659515200318,Educational Tools,G09B,G09B
556,156,280,180,2.1931245983544616,2.4471580313422194,2.255272505103306,Cryptography,G09C,G09C
557,180,215,67,2.255272505103306,2.3324384599156054,1.8260748027008264,Timetables,G09D,G09D
558,7004,8294,2382,3.8453461374114086,3.918764031027999,3.3769417571467586,Name/Label Displays,G09F,G09F
559,26430,28939,14841,4.422097163131711,4.461483519803563,4.171463165083844,Static Signals,G09G,G09G
560,73,89,39,1.863322860120456,1.9493900066449128,1.591064607026499,Blown Instruments,G10B,G10B
561,541,517,132,2.7331972651065692,2.7134905430939424,2.12057393120585,Keyboard Instruments,G10C,G10C
562,3476,2999,425,3.541079767776629,3.476976465759527,2.6283889300503116,Stringed/Percussive Instrument,G10D,G10D
563,413,388,176,2.615950051656401,2.5888317255942073,2.24551266781415,Automatic Musical Instruments,G10F,G10F
564,483,586,188,2.683947130751512,2.767897616018091,2.27415784926368,Musical Instrument Accessories,G10G,G10G
565,4062,3089,936,3.608739919068788,3.4898179083014504,2.971275848738105,Musical Synthesizers,G10H,G10H
566,866,1336,607,2.937517892017347,3.125806458139527,2.7831886910752575,Sound Producing/Dampening,G10K,G10K
567,8725,9191,3538,3.9407654356312176,3.963362766103736,3.5487578285737045,Speech Analysis/Synthesis,G10L,G10L
568,57755,40245,13006,4.76158958819036,4.60471193172762,4.11414374967188,Punch Tapes,G11B,G11B
569,39870,24444,11802,4.600646235662395,4.388172275047789,4.071955610302981,Static Storage,G11C,G11C
570,375,702,371,2.574031267727719,2.846337112129805,2.569373909615046,Other Construction Tools,G12B,G12B
571,359,516,203,2.5550944485783194,2.7126497016272113,2.307496037913213,Fusion Reactors,G21B,G21B
572,5541,6637,1420,3.743588150159904,3.821971817642043,3.1522883443830567,Nuclear Reactors,G21C,G21C
573,102,189,105,2.0086001717619175,2.2764618041732443,2.0211892990699383,Nuclear Power Plant,G21D,G21D
574,1477,2521,860,3.1693804953119495,3.401572845676446,2.934498451243568,Radiation Protection/treatment,G21F,G21F
575,588,1195,574,2.7693773260761385,3.0773679052841567,2.7589118923979736,Chemical Conversions,G21G,G21G
576,79,119,56,1.8976270912904414,2.075546961392531,1.7481880270062005,Obtaining Nuclear Energy,G21H,G21H
577,1,1,1,0.0,0.0,0.0,Nuclear Explosives,G21J,G21J
578,2357,3826,2252,3.3723595825243238,3.582744965691277,3.3525683861793087,Handling Radioactive Material,G21K,G21K
579,8134,13348,6763,3.910304168068569,4.125416197982755,3.830139387425343,Conductors,H01B,H01B
580,3155,5015,2467,3.498999363580153,3.700270937356437,3.392169149489736,Resistors,H01C,H01C
581,9991,14226,6532,3.999608958971417,4.153082804361832,3.8150461760646306,Magnets,H01F,H01F
582,5655,7710,3791,3.752432609261474,3.8870543780509568,3.5787537844264348,Capacitors,H01G,H01G
583,22286,25192,9116,4.348032126182487,4.401262647628488,3.959804316508338,Electric Switches,H01H,H01H
584,33980,38802,16546,4.531223374533027,4.58885411133076,4.218693019991356,Discharge Tubes,H01J,H01J
585,1389,2673,1708,3.1427022457376155,3.426998958756537,3.232487866352986,Incandescent lights,H01K,H01K
586,160277,111504,40390,5.204871204888445,5.047290447175823,4.606273853169988,Semiconductor devices,H01L,H01L
587,21163,23179,7959,4.325577231940418,4.365094695482191,3.9008585047019917,Batteries,H01M,H01M
588,6514,7622,3173,3.8138477542288545,3.8820689444361483,3.501470072100412,Waveguides,H01P,H01P
589,14776,16480,5623,4.169556882432185,4.216957207361097,3.749968083509403,Aerials,H01Q,H01Q
590,45948,41268,14337,4.662266612395312,4.6156134218696385,4.156458285240457,Electrical Connections,H01R,H01R
591,15575,16333,6788,4.192428055331207,4.213065962065718,3.8317418336456384,Stimulated Emission Device,H01S,H01S
592,1294,1742,857,3.1119342763326814,3.241048150671644,2.932980821923198,Spark Gaps,H01T,H01T
593,1867,3224,1602,3.2711443179490782,3.508395033133053,3.204662511748219,Power Distributors,H02B,H02B
594,5232,6784,2845,3.718667735316211,3.8314858392486575,3.45408227073109,Electric Lines,H02G,H02G
595,10202,14072,7053,4.008685319195168,4.1483558264494045,3.848373883844602,Electricity Protection Devices,H02H,H02H
596,7522,10618,5268,3.87633332908638,4.026042721005139,3.721645766289746,Storing Electricity,H02J,H02J
597,17989,20016,7498,4.255007021791755,4.301377292349345,3.874945436085532,Dynamo-Electric Machines,H02K,H02K
598,8992,10288,4506,3.953856298224986,4.012330955580147,3.653791187387812,Current Conversion Systems,H02M,H02M
599,1330,2056,1320,3.123851640967086,3.313023110323238,3.12057393120585,Electrical Machines,H02N,H02N
600,10447,13236,6168,4.018991594705612,4.121756758487815,3.7901443650429005,Electric Motor Control,H02P,H02P
601,1,2,2,0.0,0.3010299956639812,0.3010299956639812,Photovoltaic Modules,H02S,H02S
602,5315,7265,4207,3.7255032688593155,3.86123561863404,3.6239725120169965,Oscillation Generators,H03B,H03B
603,996,1521,905,2.998259338423699,3.182129214052998,2.9566485792052033,Modulation,H03C,H03C
604,3808,5583,3587,3.580696939712437,3.7468676278504294,3.5547313766759667,Demodulation,H03D,H03D
605,10358,10650,5466,4.015275906681875,4.027349607774757,3.7376696273566417,Amplifiers,H03F,H03F
606,2521,3548,1972,3.401572845676446,3.5499836111596887,3.2949069106051923,Controlling Amplification,H03G,H03G
607,6522,8407,4851,3.814380794469938,3.924641047417163,3.6858312746260635,Resonant Circuits,H03H,H03H
608,398,542,282,2.5998830720736876,2.733999286538387,2.450249108319361,Controlling Resonant Circuits,H03J,H03J
609,27458,27727,14071,4.4386689006867375,4.44290288241855,4.148324963038817,Pulse Technique,H03K,H03K
610,6055,7602,4802,3.782114147479071,3.880927865267085,3.6814221557210085,Electric Generator Control,H03L,H03L
611,14756,17089,9719,4.168968646554766,4.232716649778168,3.9876215821254837,Coding/Decoding Information,H03M,H03M
612,43642,50773,24248,4.6399046449653625,4.70563282511336,4.384675923359566,Transmission,H04B,H04B
613,1861,3021,1833,3.2697463731307668,3.4801507252732806,3.2631624649622166,Broadcast Communication,H04H,H04H
614,18032,26352,13641,4.256043898702031,4.420813581825679,4.13484620892477,Multiplex Communication,H04J,H04J
615,3728,6012,3736,3.571475903681944,3.7790189719148706,3.5724068675580556,Communication Jammers,H04K,H04K
616,41496,52959,25739,4.618006234985528,4.723939775929715,4.410591669883119,Digital Telecommunication,H04L,H04L
617,27673,35890,12684,4.442056243088226,4.55497345833324,4.103256233355051,Telephonic Communication,H04M,H04M
618,61089,55268,22571,4.785963015980978,4.7424737489190365,4.353550800764121,Visual Communication,H04N,H04N
619,19150,25482,12017,4.282168778304642,4.406233511374323,4.07979606117236,Selecting,H04Q,H04Q
620,8584,9899,3950,3.933689708957895,3.9955913242523535,3.59659709562646,Audio Amplification,H04R,H04R
621,207,337,193,2.315970345456918,2.5276299008713385,2.285557309007774,Stereophonic Systems,H04S,H04S
622,2337,4564,3209,3.368658712392227,3.659345635746177,3.506369717095504,Wireless Communication Networks,H04W,H04W
623,20852,25945,11239,4.319147716254982,4.414053675030946,4.0507276712150535,Electric heating/lighting,H05B,H05B
624,45,65,29,1.6532125137753437,1.8129133566428555,1.462397997898956,Electric barriers,H05C,H05C
625,638,1029,468,2.8048206787211623,3.012415374762433,2.670245853074124,Static Electricity,H05F,H05F
626,2126,2816,1424,3.327563260187278,3.4496326504700745,3.1535099893008374,X-ray Technique,H05G,H05G
627,1832,3643,2157,3.2629254693318317,3.561459171241916,3.333850145102545,Plasma Technique,H05H,H05H
628,22998,31639,15328,4.361690069637996,4.500222748487298,4.185485491734469,Printed Circuit Manufacturing,H05K,H05K
